<?xml version="1.0" encoding="utf-8" ?>
<kml xmlns="http://www.opengis.net/kml/2.2">
<Document id="root_doc">
<Schema name="c392_hidakagunhidakagawachou" id="c392_hidakagunhidakagawachou">
	<SimpleField name="市町村" type="string"></SimpleField>
	<SimpleField name="大字" type="string"></SimpleField>
	<SimpleField name="字" type="string"></SimpleField>
	<SimpleField name="q_kyouyuushakanrenjouhou_tkigo" type="string"></SimpleField>
	<SimpleField name="地番" type="string"></SimpleField>
	<SimpleField name="地目" type="string"></SimpleField>
	<SimpleField name="面積" type="string"></SimpleField>
	<SimpleField name="乙区分" type="string"></SimpleField>
	<SimpleField name="共有者数" type="string"></SimpleField>
	<SimpleField name="登記年月日" type="string"></SimpleField>
	<SimpleField name="q_kyouyuushakanrenjouhou_keyno" type="string"></SimpleField>
	<SimpleField name="持ち分" type="string"></SimpleField>
</Schema>
<Folder><name>c392_hidakagunhidakagawachou</name>
  <Placemark>
	<Style><LineStyle><color>ff0000ff</color></LineStyle><PolyStyle><fill>0</fill></PolyStyle></Style>
	<ExtendedData><SchemaData schemaUrl="#c392_hidakagunhidakagawachou">
		<SimpleData name="市町村"></SimpleData>
		<SimpleData name="大字"></SimpleData>
		<SimpleData name="字"></SimpleData>
		<SimpleData name="q_kyouyuushakanrenjouhou_tkigo"></SimpleData>
		<SimpleData name="地番"></SimpleData>
		<SimpleData name="地目"></SimpleData>
		<SimpleData name="面積"></SimpleData>
		<SimpleData name="乙区分"></SimpleData>
		<SimpleData name="共有者数"></SimpleData>
		<SimpleData name="登記年月日"></SimpleData>
		<SimpleData name="q_kyouyuushakanrenjouhou_keyno"></SimpleData>
		<SimpleData name="持ち分"></SimpleData>
	</SchemaData></ExtendedData>
      <MultiGeometry><Polygon><outerBoundaryIs><LinearRing><coordinates>135.359226712697,33.9870712883595 135.359265011376,33.987106793643 135.359345964081,33.9871870520444 135.359379500302,33.9871993631262 135.359391577224,33.9872241650637 135.359392949575,33.9872589379819 135.359424372416,33.9874073700301 135.359486475605,33.987468109693 135.359548484788,33.9874823811713 135.359700286037,33.9875141142339 135.359800215244,33.9874988381684 135.359978302014,33.9876104994331 135.360189074707,33.9877337978923 135.360218768496,33.9877808265876 135.360217852103,33.987698162953 135.360293803114,33.9876762170721 135.360328080202,33.9876575869646 135.360352485642,33.98762155059 135.360405573895,33.9875437027597 135.360524416685,33.9874222796396 135.360586903162,33.9873946637432 135.360705021209,33.9874046550958 135.360921792581,33.9874395011509 135.360980180066,33.9874692949136 135.361059963253,33.9875383220766 135.361122765618,33.9876200619612 135.361252180108,33.9875959758915 135.36137169972,33.9876123932888 135.361401292026,33.9876963679278 135.361489942353,33.9878041907904 135.361599763736,33.9878120095485 135.361669176052,33.9878395620059 135.361795212814,33.9879036354264 135.361916120392,33.9879765520789 135.361951496692,33.98803224808 135.361929518394,33.9881577903786 135.361910646625,33.9881917820803 135.362031743908,33.9883073102159 135.362068643172,33.9883449180246 135.362119458484,33.9883668740316 135.362316149295,33.9884490008345 135.362349798437,33.9885318160707 135.362487835722,33.988618228662 135.362628593881,33.9886926729035 135.362857999098,33.9887410599627 135.362936954862,33.9887688874307 135.362957943109,33.9887790390484 135.362987776533,33.9887218786735 135.363096613257,33.9887663961246 135.36324905649,33.9888517103557 135.363245302916,33.9889310760853 135.363333332008,33.9889689850879 135.363368547537,33.9889115810896 135.363523201893,33.9889557582091 135.363597031511,33.989036931773 135.363601311873,33.9890594939636 135.363596974136,33.989088331807 135.363544672262,33.9891829097923 135.363435049223,33.9892642090273 135.363368461491,33.9894528853424 135.363553147787,33.9897663270625 135.363680880619,33.989821390411 135.363838263249,33.9898979649869 135.363993530507,33.9900344858553 135.364106307329,33.9901112370209 135.364152991732,33.9901981402731 135.364154016393,33.9902874131706 135.364138151134,33.9903728030329 135.364094196622,33.9904451268569 135.364024107297,33.9906071430624 135.364020343145,33.9906925152138 135.364014964522,33.9907548692389 135.36407509638,33.9908675548073 135.364006114404,33.9909635533176 135.363976407135,33.9910718976001 135.364010428886,33.9911964323038 135.364097756205,33.9913201858476 135.364140764648,33.9914080618536 135.364158488799,33.9915061755929 135.364171867075,33.9916632947306 135.364252573587,33.991768937731 135.364282697175,33.9918606239886 135.364300204172,33.9919675821935 135.364334329042,33.9920014874304 135.364351188611,33.9921632758882 135.364338263588,33.9922346339879 135.364319775502,33.992294287601 135.364199522749,33.9923621158 135.364118508332,33.9924415880148 135.364031417834,33.9925924356069 135.363972604355,33.9926369240356 135.363962379148,33.9927279500564 135.363934688757,33.9928776990482 135.363862081161,33.9930069369654 135.363754762248,33.9931676703906 135.363738483732,33.9932922497306 135.363757213678,33.9934209600345 135.363717823408,33.9936520720686 135.363683891162,33.9937940971337 135.363709829515,33.9938574055923 135.363642758195,33.9939800010378 135.363702056351,33.9940247025928 135.363739822907,33.9941537457582 135.36376746773,33.9942293437382 135.363853406814,33.9943580319095 135.363964079722,33.9944954681044 135.363976045672,33.9946051998405 135.364056656922,33.9946790700157 135.364122086068,33.9947597499007 135.364242661484,33.994836532215 135.364192675594,33.9947388279305 135.36410598327,33.99464298234 135.364095291488,33.9945510800556 135.364018974685,33.9944062760859 135.363949185618,33.9943051442195 135.363904322889,33.9942420968059 135.363867859667,33.9941427781106 135.363849680312,33.9939461070747 135.363818554432,33.993852496048 135.363780385852,33.9937916199976 135.363825037334,33.9936783401916 135.363959094834,33.9934126011074 135.363924565278,33.9931759947458 135.3640134247,33.9929400911954 135.364034208656,33.9928570890102 135.364123405111,33.9926357200217 135.364334584842,33.9924510092788 135.364407416691,33.9922422139955 135.364448823773,33.9920700317579 135.364483250043,33.9919981896545 135.364449901675,33.9919427050279 135.364335642784,33.9917566101934 135.364288556773,33.9916506811553 135.364258691388,33.991497011114 135.364183498525,33.9913049510361 135.364089639077,33.9912227168105 135.364046363727,33.9910730526376 135.364078045907,33.9909829209836 135.364156839535,33.990803539813 135.364081153118,33.9906705780062 135.364129201175,33.9906036570084 135.364212559175,33.9904957242768 135.364204317165,33.9904004806437 135.364220373855,33.9903502731686 135.364270237166,33.9901865024002 135.364175908186,33.9900715466738 135.363992002337,33.9899404679252 135.363728802592,33.9897568401203 135.363550340645,33.989607133821 135.36354254173,33.9895890352922 135.363513718411,33.989531048421 135.363505628654,33.9894516466657 135.363466228746,33.9893763402903 135.363509165358,33.9892982673061 135.363586091218,33.9892661435555 135.363623287133,33.989256697826 135.363636809768,33.9892226520513 135.363650751622,33.9892123728685 135.36368049379,33.9890615543404 135.363665084562,33.9889898955589 135.363608647479,33.9889337052303 135.363394995786,33.9888714532955 135.36338342753,33.9888334080438 135.363245169678,33.9887762531987 135.363134191503,33.988723088348 135.36303709101,33.9886768203716 135.362984688224,33.9886282141829 135.362872108292,33.9886575995999 135.362703192212,33.9886317242459 135.362510729585,33.9885455158746 135.362462574134,33.988437084031 135.362413190404,33.9884132782836 135.362300916644,33.9883653172303 135.362091161839,33.9882860970558 135.362053456026,33.9882075252914 135.362061480471,33.9880547363354 135.362065228319,33.9879878650092 135.362014360125,33.987929566028 135.361999519467,33.9878732832001 135.361906891761,33.9878556904425 135.361836509091,33.9878293592646 135.361700467444,33.9877483018956 135.36152921281,33.987690819769 135.361458455169,33.9876046750496 135.361330960871,33.9875153218131 135.361158203195,33.9875506071257 135.361020927594,33.987455098936 135.360992089081,33.9874327246727 135.360942229728,33.9873784597488 135.360899850817,33.9873675376089 135.360690003401,33.9873259032672 135.360508660482,33.9873425691558 135.360349267412,33.9875109442576 135.360280073643,33.9875886542299 135.360185030216,33.9875933803003 135.360055327449,33.9875650617369 135.359906895372,33.9874420873868 135.359591356038,33.9874263533755 135.35954147834,33.9873964400636 135.359560523037,33.9873249240494 135.359505633634,33.9872833900342 135.359404493812,33.9872595300326 135.35940380513,33.9872216330166 135.359390858586,33.9871928577005 135.359384610287,33.9871890934373 135.35935257549,33.9871784860881 135.35927702581,33.9870936206914 135.359236319547,33.9870560111565 135.359226712697,33.9870712883595</coordinates></LinearRing></outerBoundaryIs></Polygon></MultiGeometry>
  </Placemark>
  <Placemark>
	<Style><LineStyle><color>ff0000ff</color></LineStyle><PolyStyle><fill>0</fill></PolyStyle></Style>
	<ExtendedData><SchemaData schemaUrl="#c392_hidakagunhidakagawachou">
		<SimpleData name="市町村"></SimpleData>
		<SimpleData name="大字"></SimpleData>
		<SimpleData name="字"></SimpleData>
		<SimpleData name="q_kyouyuushakanrenjouhou_tkigo"></SimpleData>
		<SimpleData name="地番"></SimpleData>
		<SimpleData name="地目"></SimpleData>
		<SimpleData name="面積"></SimpleData>
		<SimpleData name="乙区分"></SimpleData>
		<SimpleData name="共有者数"></SimpleData>
		<SimpleData name="登記年月日"></SimpleData>
		<SimpleData name="q_kyouyuushakanrenjouhou_keyno"></SimpleData>
		<SimpleData name="持ち分"></SimpleData>
	</SchemaData></ExtendedData>
      <MultiGeometry><Polygon><outerBoundaryIs><LinearRing><coordinates>135.359455285048,33.9968191755825 135.359412442506,33.9967149709044 135.359314535519,33.9966555243215 135.359154340454,33.9965548097178 135.358988740742,33.9965018353497 135.358950669408,33.9964300489798 135.358802320774,33.996393429129 135.35868195151,33.9963430243288 135.358567055661,33.9962640581937 135.358456160402,33.9962047307422 135.358342503774,33.9961121657066 135.35825321271,33.9960371375798 135.358162549798,33.9959559902801 135.358083320385,33.9958544984481 135.358031171288,33.9957129626363 135.358008598279,33.995653023637 135.357951097229,33.9954430662328 135.357914914105,33.995285790596 135.357806864462,33.99516039098 135.357786690509,33.9950089519828 135.357736977096,33.9948719827337 135.35769168024,33.9947291130039 135.357824569196,33.994574110196 135.357867149111,33.9944867960246 135.35789536678,33.9943933391031 135.357924004143,33.9943148770849 135.357998637612,33.9942284883936 135.358016139482,33.9941494912938 135.358017240738,33.9940750329197 135.358029044105,33.9939953839747 135.358088919491,33.9938981711277 135.358171032784,33.9937900909632 135.35815860175,33.9937129852085 135.358068154252,33.9936166280388 135.358026270588,33.9935422338756 135.357944717374,33.9935010378948 135.357899869509,33.993417812364 135.357824999382,33.9933400732313 135.357797637867,33.9932590649109 135.3578029065,33.9931486562048 135.357773906658,33.9930683164277 135.357739814153,33.9929773201807 135.357727969598,33.9928811738196 135.357833813405,33.9927555301323 135.357827806557,33.9926459632607 135.357745097352,33.9925211637566 135.357733054021,33.9924702866461 135.357689534035,33.992402150847 135.357599844877,33.9923329985903 135.357556084863,33.9921989823959 135.35760470719,33.9921530562744 135.357367849476,33.9920616050877 135.35721561832,33.9919481628794 135.357166109888,33.9918889584236 135.357245209889,33.9917929715969 135.357248573386,33.9917144236404 135.357130538435,33.9916222412124 135.356937877208,33.9915609713261 135.356792214023,33.991450889832 135.35669670037,33.9914871126638 135.356523208301,33.9915480020315 135.356393509685,33.9915513799142 135.35636328741,33.9914799511381 135.356366432122,33.9914160260335 135.356330353844,33.9912036715885 135.356168566391,33.9910303126706 135.356134259445,33.9909664990217 135.356106717261,33.9908740209958 135.356101831213,33.9908014264408 135.356064162912,33.9907526230687 135.355991329886,33.9907280609009 135.35588380457,33.9907209262425 135.355788288057,33.9906931878666 135.355628480847,33.9906188263104 135.355574968322,33.9905772608076 135.355550717029,33.990524968033 135.355552908419,33.9904655270223 135.35555786362,33.9904269563286 135.355564865872,33.990328132425 135.355484217846,33.9902334105892 135.355450883445,33.9902130680405 135.355392873567,33.9902508198114 135.355281546851,33.9900577536235 135.35527063243,33.9900096960767 135.355210154085,33.9900319191705 135.355236566408,33.9900717641109 135.35535297448,33.9902655962761 135.35542104243,33.9902717862692 135.355483553558,33.9903070589193 135.355478136606,33.9903736678931 135.355487663538,33.9904825140266 135.355499516322,33.9905985590052 135.355607368746,33.990688373448 135.355698804459,33.9907192813602 135.356002927598,33.9908048388596 135.356024289574,33.9908900888808 135.356073083206,33.9910137383152 135.356083789484,33.9910537352841 135.356139077457,33.9910997799961 135.35625089276,33.9911838542845 135.356278577196,33.9912691283241 135.356286209437,33.9913306745897 135.356263761438,33.9914697652613 135.356279060666,33.9915149073375 135.356265828489,33.9915961174483 135.356311177736,33.9916682123337 135.356459344301,33.9916875514131 135.356619541447,33.9915897631079 135.356679304137,33.9915477003631 135.356730903127,33.9915432899492 135.356802547575,33.9915905387701 135.356924676192,33.9916925811804 135.357003361893,33.9916600839994 135.35706704149,33.9917304261263 135.357083899464,33.9917872610006 135.357100321534,33.991923532772 135.357173735147,33.9919861629219 135.357295615762,33.9921037382558 135.357427579334,33.9921274274063 135.357479170674,33.9922044591751 135.357488753358,33.9923479620761 135.357609426481,33.9924550992674 135.357669717298,33.9925571949074 135.357754012497,33.9927288490317 135.357663660564,33.9928009390905 135.357639149481,33.9929125095692 135.357643309059,33.9930170989772 135.35769360666,33.9930877856393 135.357708108773,33.993226193997 135.357727646738,33.9933513210096 135.35778631231,33.993432294406 135.357854629073,33.993487783006 135.357878764281,33.993560119103 135.358026117793,33.9936517775979 135.358022194414,33.9937346151559 135.357994987326,33.9938058700591 135.357947406126,33.9939163302322 135.357891604384,33.9939943250086 135.357857491577,33.9941603390542 135.357881516804,33.9942588291099 135.357818784598,33.9943529894417 135.357770294481,33.9944850552593 135.357667634087,33.9946175946781 135.357607292463,33.9947980505706 135.35771686153,33.9950206328275 135.357716064702,33.9951321296322 135.357779844516,33.995254160664 135.357805208406,33.9953360330912 135.357897474263,33.9955032558258 135.357929649912,33.9956794171134 135.357990572186,33.9958117384116 135.358029697297,33.9959564150726 135.358182306099,33.9960639058551 135.358297887428,33.9961882453692 135.358464976389,33.9962977046928 135.358613834896,33.9963727366956 135.358755176873,33.9964441860493 135.358863611188,33.9964669044375 135.358930019178,33.9965362590204 135.359110304526,33.9965909959672 135.359248208569,33.9966748058231 135.359371699488,33.9967768249307 135.359455285048,33.9968191755825</coordinates></LinearRing></outerBoundaryIs></Polygon></MultiGeometry>
  </Placemark>
  <Placemark>
	<Style><LineStyle><color>ff0000ff</color></LineStyle><PolyStyle><fill>0</fill></PolyStyle></Style>
	<ExtendedData><SchemaData schemaUrl="#c392_hidakagunhidakagawachou">
		<SimpleData name="市町村"></SimpleData>
		<SimpleData name="大字"></SimpleData>
		<SimpleData name="字"></SimpleData>
		<SimpleData name="q_kyouyuushakanrenjouhou_tkigo"></SimpleData>
		<SimpleData name="地番"></SimpleData>
		<SimpleData name="地目"></SimpleData>
		<SimpleData name="面積"></SimpleData>
		<SimpleData name="乙区分"></SimpleData>
		<SimpleData name="共有者数"></SimpleData>
		<SimpleData name="登記年月日"></SimpleData>
		<SimpleData name="q_kyouyuushakanrenjouhou_keyno"></SimpleData>
		<SimpleData name="持ち分"></SimpleData>
	</SchemaData></ExtendedData>
      <MultiGeometry><Polygon><outerBoundaryIs><LinearRing><coordinates>135.353635376297,33.9905686189292 135.353647776639,33.9908463150069 135.353642135039,33.9909396822246 135.353669119101,33.9910126012237 135.35365694444,33.9910580410707 135.353621296678,33.9911127973587 135.353607485338,33.9912001260013 135.35364603022,33.991268659947 135.35364637186,33.9913077380319 135.353678014308,33.99140458204 135.353716533645,33.99148780381 135.353803175789,33.9915612885948 135.353835707335,33.9916007701621 135.353868107662,33.9916129757984 135.353927490384,33.9916700623671 135.353965478121,33.9917321829017 135.353974381841,33.9918899557292 135.354019099022,33.9920670756202 135.353974625734,33.9921566415526 135.353969752845,33.9922970682567 135.35398571238,33.9923351987161 135.353953157141,33.992469131883 135.354073441501,33.9925210825814 135.354109894914,33.9925743250611 135.354104176792,33.9927449410358 135.354170782347,33.9928074650896 135.35416373384,33.9929120128837 135.354205576583,33.9929954782358 135.354298273435,33.9930387899196 135.354286346527,33.9929497492381 135.35421006301,33.9927874844418 135.354173492773,33.9925492328817 135.35411163026,33.9924638610158 135.354040615324,33.9922890464331 135.3540908364,33.9921835793668 135.354076136465,33.9919775576022 135.354037088478,33.9918883113792 135.354014861842,33.99171144392 135.353892524064,33.99156055872 135.353761482773,33.9914681956828 135.353730943308,33.9914117942961 135.353718766498,33.9913487174366 135.353664303757,33.9911852586753 135.353674158143,33.9911147520479 135.353727722047,33.9910738212417 135.353719987878,33.9910058260404 135.353712375701,33.9909304401532 135.353729563348,33.9908391892327 135.35368001039,33.9905619660808 135.353635376297,33.9905686189292</coordinates></LinearRing></outerBoundaryIs></Polygon></MultiGeometry>
  </Placemark>
  <Placemark>
	<Style><LineStyle><color>ff0000ff</color></LineStyle><PolyStyle><fill>0</fill></PolyStyle></Style>
	<ExtendedData><SchemaData schemaUrl="#c392_hidakagunhidakagawachou">
		<SimpleData name="市町村"></SimpleData>
		<SimpleData name="大字"></SimpleData>
		<SimpleData name="字"></SimpleData>
		<SimpleData name="q_kyouyuushakanrenjouhou_tkigo"></SimpleData>
		<SimpleData name="地番"></SimpleData>
		<SimpleData name="地目"></SimpleData>
		<SimpleData name="面積"></SimpleData>
		<SimpleData name="乙区分"></SimpleData>
		<SimpleData name="共有者数"></SimpleData>
		<SimpleData name="登記年月日"></SimpleData>
		<SimpleData name="q_kyouyuushakanrenjouhou_keyno"></SimpleData>
		<SimpleData name="持ち分"></SimpleData>
	</SchemaData></ExtendedData>
      <MultiGeometry><Polygon><outerBoundaryIs><LinearRing><coordinates>135.354781095015,33.991515715023 135.354892458851,33.9914703633336 135.35499953122,33.9914660741043 135.35530038984,33.9914237610763 135.355453702128,33.9914252396599 135.355522548674,33.9914186038966 135.355673206696,33.9914059140664 135.355755500536,33.9914004846143 135.355860006546,33.9913888610966 135.356006257688,33.991362009777 135.356222815373,33.9913820497153 135.356286209437,33.9913306745897 135.356278577196,33.9912691283241 135.35625089276,33.9911838542845 135.356139077457,33.9910997799961 135.356083789484,33.9910537352841 135.356073083206,33.9910137383152 135.356024289574,33.9908900888808 135.356002927598,33.9908048388596 135.355698804459,33.9907192813602 135.355607368746,33.990688373448 135.355499516322,33.9905985590052 135.355487663538,33.9904825140266 135.355478136606,33.9903736678931 135.355381561625,33.9904186567346 135.355319083297,33.9904979948558 135.35528230042,33.9905571815686 135.355233677865,33.9906202922016 135.355203420918,33.9906996449423 135.355173850773,33.9907926713513 135.355144478142,33.9908768802255 135.355075017612,33.9909416288722 135.35499473046,33.9909610170639 135.354887712511,33.9909841130773 135.354769246866,33.9910066629979 135.354747218131,33.9910485900302 135.35474279589,33.9911179811082 135.354708045675,33.9913305848257 135.354716744382,33.9913813464126 135.354781095015,33.991515715023</coordinates></LinearRing></outerBoundaryIs></Polygon></MultiGeometry>
  </Placemark>
  <Placemark>
	<Style><LineStyle><color>ff0000ff</color></LineStyle><PolyStyle><fill>0</fill></PolyStyle></Style>
	<ExtendedData><SchemaData schemaUrl="#c392_hidakagunhidakagawachou">
		<SimpleData name="市町村"></SimpleData>
		<SimpleData name="大字"></SimpleData>
		<SimpleData name="字"></SimpleData>
		<SimpleData name="q_kyouyuushakanrenjouhou_tkigo"></SimpleData>
		<SimpleData name="地番"></SimpleData>
		<SimpleData name="地目"></SimpleData>
		<SimpleData name="面積"></SimpleData>
		<SimpleData name="乙区分"></SimpleData>
		<SimpleData name="共有者数"></SimpleData>
		<SimpleData name="登記年月日"></SimpleData>
		<SimpleData name="q_kyouyuushakanrenjouhou_keyno"></SimpleData>
		<SimpleData name="持ち分"></SimpleData>
	</SchemaData></ExtendedData>
      <MultiGeometry><Polygon><outerBoundaryIs><LinearRing><coordinates>135.350869471403,33.9905150806003 135.350795689511,33.9905925986346 135.350733321614,33.9906865859941 135.350623125058,33.9908074230063 135.3505733401,33.9907797073793 135.350565176508,33.9907884089143 135.350606279088,33.9908136281658 135.350543114058,33.9908871439744 135.350478199349,33.9909459201569 135.350504414894,33.9910140753231 135.350343311121,33.9910511640967 135.350316808861,33.9910630776523 135.350208826503,33.9910891226457 135.350100792512,33.9911146903241 135.349889472546,33.991166146209 135.349838392679,33.9911819689587 135.3497916051,33.9912070927452 135.349749053634,33.9912399385732 135.349722440448,33.9912681000623 135.349696313519,33.9913061709046 135.349675793727,33.9913511614128 135.34966662721,33.9914477275934 135.349674210519,33.9914779902363 135.349686421342,33.9915106377297 135.349712576856,33.9915596156908 135.349745089467,33.9915983489976 135.349787105634,33.9916342392856 135.349839963514,33.991664973798 135.3498960589,33.9916813547814 135.350106817608,33.9917377643458 135.35014974865,33.991751614304 135.350195072765,33.9917696062181 135.350225137552,33.9917886796886 135.350255165542,33.9918140109681 135.350274254666,33.9918402050064 135.350290651325,33.9918704501408 135.350305473035,33.9919169148671 135.350353173795,33.9920932592903 135.350386193766,33.9922929569731 135.35046631746,33.9928274891271 135.350475833787,33.9929181412114 135.350487803491,33.9930323290047 135.350505984742,33.9933000741265 135.350506041353,33.9935061532537 135.35058807241,33.9935055494508 135.350659140513,33.993903069663 135.350668332408,33.994009516046 135.350651720195,33.9941172327282 135.350628397649,33.9941820158398 135.350590220372,33.9942560980797 135.3505321896,33.9943300917276 135.350482801758,33.9943879030728 135.350450972319,33.9944499553663 135.350446907606,33.9945017479759 135.350453130012,33.9945547318171 135.350584944031,33.9946109761952 135.35076564026,33.9946830210946 135.350871797224,33.994776733712 135.350874954801,33.9948225516695 135.35093628884,33.9951737790167 135.350733456696,33.995168435141 135.350590172723,33.9951741343265 135.350568411288,33.9953298881024 135.350528386032,33.9954602546648 135.35049984458,33.9955465052334 135.35045561984,33.9955999800651 135.350412448699,33.9955861280402 135.350344538181,33.9956314183594 135.350296807037,33.9956847754398 135.350237572657,33.995781628049 135.350219175287,33.9958949341446 135.350215252304,33.9960291697963 135.350218658592,33.9961816132017 135.350207853275,33.9962474630955 135.350192583581,33.9962965728399 135.350269196543,33.9962842829593 135.350246776184,33.996368645374 135.350162014388,33.9964232944462 135.350073276563,33.9965663604001 135.350042267387,33.9966300019053 135.350022564153,33.9967226913799 135.349974201915,33.996757750621 135.349994786473,33.9967682277847 135.349916847414,33.99687653088 135.349857716464,33.9969212722505 135.349881123422,33.9969322692449 135.34984811108,33.9969773370685 135.349807745828,33.997038270244 135.349784211366,33.9970258200844 135.349775923429,33.9970949380096 135.349744036033,33.9971557266356 135.349535807557,33.9974102753649 135.349459179341,33.997512606574 135.349423797523,33.997571663592 135.349400279901,33.9976319653416 135.349374305536,33.9976853830006 135.349321431822,33.9978080355823 135.349313380752,33.9978446069655 135.349337400518,33.9978817356659 135.349414947506,33.9978294842534 135.34945869738,33.9977220997612 135.349524696361,33.9976056383814 135.349554985216,33.9975515312375 135.349638359727,33.9974247202321 135.349796103801,33.9972080611221 135.34986707181,33.9970686882024 135.349888892769,33.9970774399442 135.34991056874,33.997005751071 135.349937253108,33.9969630750968 135.349959631582,33.9969709660394 135.349981134218,33.9969022686463 135.350049234297,33.9968011182145 135.350072630288,33.9968091479492 135.350090896833,33.996744348185 135.35020698668,33.9966198995812 135.350338406282,33.9964554656136 135.350376932527,33.9964082268641 135.350395104079,33.9963845927047 135.350413689512,33.9963476810603 135.350421307915,33.9963151104122 135.350419463818,33.9962658462624 135.350518272076,33.996254483958 135.35051522929,33.9962318647795 135.350481461848,33.9962423893975 135.35041019747,33.9961734635667 135.350318805505,33.9961223660319 135.350351151469,33.9960295268775 135.350374965861,33.9959669201974 135.350354416585,33.995904897902 135.350379931822,33.9958435263773 135.350514830598,33.9957037603115 135.35058572861,33.9956700000051 135.350589675511,33.9956634211265 135.350566992054,33.9956487035753 135.350591250781,33.9955886949004 135.35060895783,33.9955590716275 135.350640737334,33.9955110217953 135.350665087786,33.9954631319967 135.350715801456,33.9953194681981 135.350730869578,33.9952210920732 135.351029639834,33.9952178449325 135.351041862235,33.9951779243358 135.351014094809,33.995139685246 135.350984389012,33.9951345778491 135.350972314181,33.9950570125863 135.350949841753,33.9949274431579 135.350928811536,33.9948176155602 135.350925968262,33.9947788587929 135.350925592424,33.9947585347383 135.350797619108,33.9946455660687 135.350580728844,33.9945644764467 135.350568626795,33.9945118853261 135.350579666862,33.9944636259397 135.350624336022,33.9944001636631 135.350697030825,33.9942679399678 135.350734176539,33.994187442773 135.35075481828,33.9941348360328 135.350771565809,33.9940632471797 135.350772729169,33.9940015198354 135.350768413219,33.9939413612114 135.350761019698,33.9938957462914 135.350688645058,33.9934907711171 135.350784104827,33.9934806170774 135.35078336634,33.993459733014 135.350760701467,33.9934281286171 135.350691259016,33.9932609840695 135.35066236046,33.9931966646358 135.350608604452,33.9929950003011 135.350568792643,33.9928170657427 135.350555005496,33.9927284828322 135.350500467648,33.9923707382233 135.350492165766,33.9922839333635 135.350478652508,33.9921381813844 135.350444866775,33.9919408040041 135.350424550823,33.9918638812613 135.350411932485,33.9918295529088 135.350377522615,33.9917739588415 135.350341350352,33.9917354678403 135.350297055143,33.9917017493822 135.350239814496,33.991670719635 135.35019670826,33.9916501698894 135.349941199784,33.9915841041172 135.349894115462,33.9915670134257 135.349864162368,33.9915504910932 135.349837788292,33.9915300557864 135.349819572367,33.9915043540608 135.349804541709,33.9914738546184 135.349804623435,33.9914248990314 135.349815585658,33.9913895601189 135.349829808918,33.9913539670567 135.349853710344,33.9913254233615 135.349883076046,33.9913040843764 135.349935491389,33.991280622189 135.350124604457,33.9912171649279 135.350195254402,33.9911956120657 135.350332576436,33.9911617419488 135.350364101471,33.9911681213446 135.350538181484,33.9911072437862 135.350583165017,33.9912197666073 135.350626758136,33.9912376230014 135.350705513852,33.9911435238428 135.350752888917,33.9910939162291 135.350805809363,33.9910411362729 135.35088695751,33.990971283747 135.350930128069,33.9909308231605 135.351004625495,33.9909384560149 135.351003564704,33.9908699819448 135.35093213011,33.9908098740435 135.35084262152,33.9907735730794 135.350864039505,33.990744023416 135.350882638263,33.9907094360556 135.350937750515,33.9906144816934 135.350965624283,33.990572911664 135.350869471403,33.9905150806003</coordinates></LinearRing></outerBoundaryIs></Polygon></MultiGeometry>
  </Placemark>
  <Placemark>
	<Style><LineStyle><color>ff0000ff</color></LineStyle><PolyStyle><fill>0</fill></PolyStyle></Style>
	<ExtendedData><SchemaData schemaUrl="#c392_hidakagunhidakagawachou">
		<SimpleData name="市町村"></SimpleData>
		<SimpleData name="大字"></SimpleData>
		<SimpleData name="字"></SimpleData>
		<SimpleData name="q_kyouyuushakanrenjouhou_tkigo"></SimpleData>
		<SimpleData name="地番"></SimpleData>
		<SimpleData name="地目"></SimpleData>
		<SimpleData name="面積"></SimpleData>
		<SimpleData name="乙区分"></SimpleData>
		<SimpleData name="共有者数"></SimpleData>
		<SimpleData name="登記年月日"></SimpleData>
		<SimpleData name="q_kyouyuushakanrenjouhou_keyno"></SimpleData>
		<SimpleData name="持ち分"></SimpleData>
	</SchemaData></ExtendedData>
      <MultiGeometry><Polygon><outerBoundaryIs><LinearRing><coordinates>135.351029639834,33.9952178449325 135.351116890185,33.9952230475777 135.351208267583,33.9952204640675 135.3514050626,33.99521689457 135.351497398298,33.995205290878 135.351552850101,33.9952183949117 135.351658060723,33.9952486490372 135.351860743477,33.9953007827583 135.351968431069,33.9953159108978 135.352115798825,33.9952982953276 135.352158732527,33.995310647046 135.352242767109,33.9954172529818 135.352379025041,33.995454513109 135.352426068491,33.9954871822942 135.352535090562,33.9956016913526 135.352612240452,33.9956527763182 135.352663360604,33.9957331164425 135.35273586976,33.9958122338116 135.352837974571,33.9958540922197 135.353020514398,33.9959649835591 135.353135367352,33.9960044564106 135.353170788529,33.9960054811415 135.353163795869,33.9959853377867 135.353120965464,33.9959764310738 135.353062882799,33.9959532971296 135.352748512446,33.9957681850249 135.352632298183,33.9956028520643 135.352491521609,33.9954989771345 135.352428597905,33.9954205943914 135.352286477492,33.9953886048636 135.35216278149,33.9952707815684 135.352073694518,33.995272368058 135.351967241897,33.9952856288946 135.35189428829,33.9952396777067 135.351844147797,33.9952340129642 135.351724916646,33.995218228832 135.351673091345,33.9952080750898 135.351499577892,33.995144804986 135.351323362362,33.995162503033 135.351178792493,33.9951891321847 135.35109394147,33.9951859879701 135.351041862235,33.9951779243358 135.351029639834,33.9952178449325</coordinates></LinearRing></outerBoundaryIs></Polygon></MultiGeometry>
  </Placemark>
  <Placemark>
	<Style><LineStyle><color>ff0000ff</color></LineStyle><PolyStyle><fill>0</fill></PolyStyle></Style>
	<ExtendedData><SchemaData schemaUrl="#c392_hidakagunhidakagawachou">
		<SimpleData name="市町村">日高川町</SimpleData>
		<SimpleData name="大字">大字弥谷</SimpleData>
		<SimpleData name="字">字洞谷</SimpleData>
		<SimpleData name="q_kyouyuushakanrenjouhou_tkigo"></SimpleData>
		<SimpleData name="地番">288-2</SimpleData>
		<SimpleData name="地目">保安林</SimpleData>
		<SimpleData name="面積">3.7125</SimpleData>
		<SimpleData name="乙区分"></SimpleData>
		<SimpleData name="共有者数">0</SimpleData>
		<SimpleData name="登記年月日">2016/1/8</SimpleData>
		<SimpleData name="q_kyouyuushakanrenjouhou_keyno"></SimpleData>
		<SimpleData name="持ち分"></SimpleData>
	</SchemaData></ExtendedData>
      <MultiGeometry><Polygon><outerBoundaryIs><LinearRing><coordinates>135.361540332792,34.0020507141019 135.361621011555,34.0019700600407 135.361678352626,34.0019166411737 135.361802706255,34.0018512982842 135.361926720446,34.0017515565626 135.362021190655,34.0016590915794 135.362036427862,34.0015323253873 135.362053583564,34.0014066772064 135.362054656009,34.0012894377857 135.362084808878,34.0011728549667 135.362115920233,34.0010644546214 135.362151090751,34.001005033105 135.362132644463,34.000984912015 135.361984069765,34.0008643549187 135.361879884749,34.0007735562242 135.361752984479,34.0006878039543 135.361649299086,34.0006489389274 135.361493871783,34.0005676473353 135.361389115675,34.0005547236846 135.361313117841,34.000532248943 135.361058470505,34.0003581709526 135.360833604231,34.0002853977046 135.360733378871,34.0002687211368 135.360502684336,34.0001677050268 135.360306436399,34.0000592590121 135.360225582429,33.9999828787208 135.360125963267,33.9999187707247 135.360073027003,33.9998222504419 135.360039094206,33.9996903771748 135.359973896919,33.9995614869219 135.359816712752,33.9994639282257 135.359651725081,33.9993721521455 135.359458575911,33.9994279825599 135.359194278498,33.9995728005697 135.359032857762,33.9996803950611 135.358855758846,33.999758281044 135.358639881061,33.9998323951616 135.358363168474,33.999933219773 135.358269913488,34.0000234622482 135.358175561503,34.0000666696646 135.358080396432,34.0001087286345 135.358271278695,34.0004177120199 135.358615576044,34.0003022716653 135.358825908116,34.0003254221654 135.359073167455,34.0004548911504 135.359300676315,34.0005563342216 135.35950465279,34.0005796109479 135.359715650456,34.0006095434293 135.359890127177,34.0006418000803 135.360068863289,34.000654631128 135.360189551137,34.0006636068102 135.360388744483,34.0007619803197 135.360545277539,34.0008484551354 135.360629802573,34.0010028237676 135.360685226219,34.0011043263478 135.360889547776,34.0013823857417 135.361034596311,34.001522706935 135.361130629228,34.0016381687393 135.361192007298,34.0017656230117 135.361277404506,34.0019091774199 135.36136616456,34.0020519819645 135.361400067522,34.0020856803599 135.361540332792,34.0020507141019</coordinates></LinearRing></outerBoundaryIs></Polygon></MultiGeometry>
  </Placemark>
  <Placemark>
	<Style><LineStyle><color>ff0000ff</color></LineStyle><PolyStyle><fill>0</fill></PolyStyle></Style>
	<ExtendedData><SchemaData schemaUrl="#c392_hidakagunhidakagawachou">
		<SimpleData name="市町村">日高川町</SimpleData>
		<SimpleData name="大字">大字弥谷</SimpleData>
		<SimpleData name="字">字幸中</SimpleData>
		<SimpleData name="q_kyouyuushakanrenjouhou_tkigo"></SimpleData>
		<SimpleData name="地番">273</SimpleData>
		<SimpleData name="地目">保安林</SimpleData>
		<SimpleData name="面積">15.3373</SimpleData>
		<SimpleData name="乙区分">有</SimpleData>
		<SimpleData name="共有者数">0</SimpleData>
		<SimpleData name="登記年月日">2014/11/28</SimpleData>
		<SimpleData name="q_kyouyuushakanrenjouhou_keyno"></SimpleData>
		<SimpleData name="持ち分"></SimpleData>
	</SchemaData></ExtendedData>
      <MultiGeometry><Polygon><outerBoundaryIs><LinearRing><coordinates>135.362151090751,34.001005033105 135.362366887147,34.0008682160391 135.362488440573,34.0007598146207 135.362687245545,34.000548221257 135.362911793202,34.0004511270786 135.363078737071,34.0003643830527 135.363090188906,34.0002889792977 135.36308681263,34.0002192049975 135.363053312071,34.0001144900798 135.363017876215,33.9999745143587 135.362987924161,33.9998438607188 135.362899137456,33.9997176096355 135.36283462312,33.9996635410162 135.3627358044,33.9995108750557 135.362651137803,33.9994039835624 135.362531728381,33.9992647888571 135.362474252062,33.9991772350134 135.362410021808,33.9990358278014 135.362367298406,33.9989979203634 135.362310679809,33.9989186187289 135.362291260159,33.9987941341573 135.362298047772,33.9986519770227 135.362296273402,33.9985346605779 135.362234715217,33.9983922771587 135.36221629781,33.9982348163109 135.362197579344,33.9981686310398 135.362183517043,33.9980890730226 135.362099789097,33.9979960544258 135.36206177626,33.9977884260527 135.361959724816,33.9977065093167 135.361887843078,33.9976479471767 135.361843112471,33.9975787868765 135.361845413217,33.9974100741629 135.361829698613,33.9973328057075 135.361803714318,33.9972568742419 135.36178431303,33.9972095468453 135.361740812721,33.9971277542488 135.361696896296,33.997015059817 135.361639137127,33.9969034043108 135.361527584388,33.9968286858794 135.361436842491,33.9968673723238 135.361278596262,33.9968775864114 135.361040237334,33.996874491334 135.360698121311,33.9969005824217 135.360483825039,33.9969149130263 135.360308084682,33.9969206621576 135.360117329248,33.996951397437 135.359966208518,33.9969148619381 135.359831880107,33.9969197709601 135.359606299053,33.9969333560948 135.359503760642,33.9969427398894 135.359455285048,33.9968191755825 135.359371699488,33.9967768249307 135.359248208569,33.9966748058231 135.359110304526,33.9965909959672 135.358930019178,33.9965362590204 135.358863611188,33.9964669044375 135.358755176873,33.9964441860493 135.358613834896,33.9963727366956 135.358464976389,33.9962977046928 135.358297887428,33.9961882453692 135.358182306099,33.9960639058551 135.358029697297,33.9959564150726 135.357990572186,33.9958117384116 135.356681232775,33.9962679145727 135.356645475584,33.9963932943857 135.356588616457,33.9965696737496 135.356527569281,33.9967012234368 135.356483078863,33.9967686729611 135.356475460578,33.9968487592408 135.356479490483,33.9969186904165 135.3564785403,33.996985989014 135.35653205679,33.9969874139788 135.356752874481,33.9970730667682 135.356830781518,33.9971231622003 135.356978722759,33.9972223813148 135.357121749518,33.997290179943 135.357272407287,33.9974614147078 135.357345056468,33.9975153682427 135.357453605236,33.9976552857026 135.357649337761,33.9977632557139 135.357793228793,33.997789613312 135.35798182461,33.9979025584381 135.358153019044,33.9979862628455 135.358299856688,33.9981015050727 135.358343945195,33.9981450028426 135.35841567476,33.998318566267 135.358437737766,33.9984608718154 135.358514760777,33.9985295065903 135.358573952054,33.998543980274 135.358714727223,33.9985861688848 135.358925089372,33.9986969810485 135.359052121833,33.9988047170294 135.359159470578,33.9988843286048 135.359308361797,33.9989731282766 135.359400986518,33.9990575397122 135.359513338376,33.9991672643355 135.359539912649,33.9992682367635 135.359651725081,33.9993721521455 135.359816712752,33.9994639282257 135.359973896919,33.9995614869219 135.360039094206,33.9996903771748 135.360073027003,33.9998222504419 135.360125963267,33.9999187707247 135.360225582429,33.9999828787208 135.360306436399,34.0000592590121 135.360502684336,34.0001677050268 135.360733378871,34.0002687211368 135.360833604231,34.0002853977046 135.361058470505,34.0003581709526 135.361313117841,34.000532248943 135.361389115675,34.0005547236846 135.361493871783,34.0005676473353 135.361649299086,34.0006489389274 135.361752984479,34.0006878039543 135.361879884749,34.0007735562242 135.361984069765,34.0008643549187 135.362132644463,34.000984912015 135.362151090751,34.001005033105</coordinates></LinearRing></outerBoundaryIs></Polygon></MultiGeometry>
  </Placemark>
  <Placemark>
	<Style><LineStyle><color>ff0000ff</color></LineStyle><PolyStyle><fill>0</fill></PolyStyle></Style>
	<ExtendedData><SchemaData schemaUrl="#c392_hidakagunhidakagawachou">
		<SimpleData name="市町村">日高川町</SimpleData>
		<SimpleData name="大字">大字弥谷</SimpleData>
		<SimpleData name="字">字幸中</SimpleData>
		<SimpleData name="q_kyouyuushakanrenjouhou_tkigo"></SimpleData>
		<SimpleData name="地番">272</SimpleData>
		<SimpleData name="地目">保安林</SimpleData>
		<SimpleData name="面積">0.9809</SimpleData>
		<SimpleData name="乙区分">有</SimpleData>
		<SimpleData name="共有者数">0</SimpleData>
		<SimpleData name="登記年月日">2014/11/28</SimpleData>
		<SimpleData name="q_kyouyuushakanrenjouhou_keyno"></SimpleData>
		<SimpleData name="持ち分"></SimpleData>
	</SchemaData></ExtendedData>
      <MultiGeometry><Polygon><outerBoundaryIs><LinearRing><coordinates>135.359412442506,33.9967149709044 135.359455285048,33.9968191755825 135.359503760642,33.9969427398894 135.359606299053,33.9969333560948 135.359831880107,33.9969197709601 135.359966208518,33.9969148619381 135.360117329248,33.996951397437 135.360308084682,33.9969206621576 135.360483825039,33.9969149130263 135.360698121311,33.9969005824217 135.361040237334,33.996874491334 135.361278596262,33.9968775864114 135.361436842491,33.9968673723238 135.361527584388,33.9968286858794 135.361503516907,33.9967958148293 135.361438500489,33.996619881605 135.361290889064,33.9963921382244 135.361098187523,33.996380542891 135.360973750507,33.9963730182663 135.360774500598,33.9963758140235 135.360616930522,33.9963867700917 135.360344947274,33.9964103936654 135.360257992712,33.9963972559912 135.360102049734,33.9963268963769 135.359961706325,33.996400890069 135.359829917439,33.9964613148452 135.359662501433,33.9965452120435 135.359497444049,33.9966854722323 135.359412442506,33.9967149709044</coordinates></LinearRing></outerBoundaryIs></Polygon></MultiGeometry>
  </Placemark>
  <Placemark>
	<Style><LineStyle><color>ff0000ff</color></LineStyle><PolyStyle><fill>0</fill></PolyStyle></Style>
	<ExtendedData><SchemaData schemaUrl="#c392_hidakagunhidakagawachou">
		<SimpleData name="市町村">日高川町</SimpleData>
		<SimpleData name="大字">大字弥谷</SimpleData>
		<SimpleData name="字">字東又</SimpleData>
		<SimpleData name="q_kyouyuushakanrenjouhou_tkigo"></SimpleData>
		<SimpleData name="地番">257-19</SimpleData>
		<SimpleData name="地目">保安林</SimpleData>
		<SimpleData name="面積">0.2032</SimpleData>
		<SimpleData name="乙区分">有</SimpleData>
		<SimpleData name="共有者数">0</SimpleData>
		<SimpleData name="登記年月日">2014/11/28</SimpleData>
		<SimpleData name="q_kyouyuushakanrenjouhou_keyno"></SimpleData>
		<SimpleData name="持ち分"></SimpleData>
	</SchemaData></ExtendedData>
      <MultiGeometry><Polygon><outerBoundaryIs><LinearRing><coordinates>135.36127536428,33.9952975051434 135.361409894854,33.9952361463399 135.36148997705,33.9952446493628 135.36171130639,33.9952055143567 135.361759693838,33.9952384123687 135.361864780442,33.9951021747141 135.361751585522,33.9950488889336 135.361421152872,33.9949539576847 135.361335756706,33.9948138843448 135.361126158518,33.9948274470872 135.361038603297,33.9948776803862 135.361164123455,33.9950469397443 135.361209625804,33.9951196196572 135.361234900617,33.9952050071806 135.36127536428,33.9952975051434</coordinates></LinearRing></outerBoundaryIs></Polygon></MultiGeometry>
  </Placemark>
  <Placemark>
	<Style><LineStyle><color>ff0000ff</color></LineStyle><PolyStyle><fill>0</fill></PolyStyle></Style>
	<ExtendedData><SchemaData schemaUrl="#c392_hidakagunhidakagawachou">
		<SimpleData name="市町村">日高川町</SimpleData>
		<SimpleData name="大字">大字弥谷</SimpleData>
		<SimpleData name="字">字東又</SimpleData>
		<SimpleData name="q_kyouyuushakanrenjouhou_tkigo"></SimpleData>
		<SimpleData name="地番">257-13</SimpleData>
		<SimpleData name="地目">保安林</SimpleData>
		<SimpleData name="面積">0.4691</SimpleData>
		<SimpleData name="乙区分"></SimpleData>
		<SimpleData name="共有者数">0</SimpleData>
		<SimpleData name="登記年月日">2014/11/28</SimpleData>
		<SimpleData name="q_kyouyuushakanrenjouhou_keyno"></SimpleData>
		<SimpleData name="持ち分"></SimpleData>
	</SchemaData></ExtendedData>
      <MultiGeometry><Polygon><outerBoundaryIs><LinearRing><coordinates>135.362576821157,33.9946202997617 135.362675843292,33.9945912862432 135.362825685664,33.9945375326599 135.362944271359,33.9945023270696 135.363050859845,33.9945180880748 135.363163622745,33.9943491527807 135.363245465632,33.9942998810509 135.363383893092,33.994209373429 135.363518515732,33.9941294298612 135.363592078448,33.9940279213598 135.363642758195,33.9939800010378 135.363709829515,33.9938574055923 135.363683891162,33.9937940971337 135.363471583102,33.9937751651813 135.363423688701,33.9937615186737 135.363326361837,33.99374771732 135.363190378493,33.9938126410786 135.363019620504,33.993898760706 135.362962040612,33.9939400633517 135.362894182003,33.9940316662689 135.362849804152,33.9941009940789 135.362763080345,33.9941965392908 135.362676379615,33.9942714270719 135.362646327855,33.9944110195714 135.362605269711,33.9945329287338 135.362576821157,33.9946202997617</coordinates></LinearRing></outerBoundaryIs></Polygon></MultiGeometry>
  </Placemark>
  <Placemark>
	<Style><LineStyle><color>ff0000ff</color></LineStyle><PolyStyle><fill>0</fill></PolyStyle></Style>
	<ExtendedData><SchemaData schemaUrl="#c392_hidakagunhidakagawachou">
		<SimpleData name="市町村">日高川町</SimpleData>
		<SimpleData name="大字">大字弥谷</SimpleData>
		<SimpleData name="字">字東又</SimpleData>
		<SimpleData name="q_kyouyuushakanrenjouhou_tkigo"></SimpleData>
		<SimpleData name="地番">257-17</SimpleData>
		<SimpleData name="地目">保安林</SimpleData>
		<SimpleData name="面積">2.4066</SimpleData>
		<SimpleData name="乙区分"></SimpleData>
		<SimpleData name="共有者数">0</SimpleData>
		<SimpleData name="登記年月日">2014/11/28</SimpleData>
		<SimpleData name="q_kyouyuushakanrenjouhou_keyno"></SimpleData>
		<SimpleData name="持ち分"></SimpleData>
	</SchemaData></ExtendedData>
      <MultiGeometry><Polygon><outerBoundaryIs><LinearRing><coordinates>135.364190021335,33.995564617771 135.364166928544,33.9954662058674 135.364149818894,33.9953537959687 135.364173724428,33.9950946370616 135.364242661484,33.994836532215 135.364122086068,33.9947597499007 135.364056656922,33.9946790700157 135.363976045672,33.9946051998405 135.363964079722,33.9944954681044 135.363853406814,33.9943580319095 135.36376746773,33.9942293437382 135.363739822907,33.9941537457582 135.363702056351,33.9940247025928 135.363642758195,33.9939800010378 135.363592078448,33.9940279213598 135.363518515732,33.9941294298612 135.363383893092,33.994209373429 135.363245465632,33.9942998810509 135.363163622745,33.9943491527807 135.363050859845,33.9945180880748 135.362944271359,33.9945023270696 135.362825685664,33.9945375326599 135.362675843292,33.9945912862432 135.362576821157,33.9946202997617 135.362605269711,33.9945329287338 135.362646327855,33.9944110195714 135.362676379615,33.9942714270719 135.36252105306,33.9943566080241 135.362340906051,33.9944589979218 135.362278720386,33.9947819807341 135.362495273821,33.9948268577873 135.362390407519,33.9949498697473 135.362304801642,33.9950593140808 135.362142714346,33.9951610209982 135.362037848129,33.9952114898283 135.361907690657,33.9952566981836 135.361737163438,33.995271013679 135.36160936157,33.9954426474089 135.361658686484,33.9955471906344 135.361580793168,33.9955878282156 135.361497792449,33.9956570100704 135.361443852546,33.9957192200649 135.361549811638,33.9958035097933 135.361658306176,33.9957168609403 135.361807901112,33.9958153976531 135.361932044216,33.9958651788422 135.362221073265,33.995778069133 135.362317921485,33.9957532091418 135.362411268321,33.995785817005 135.362579702654,33.9957880692784 135.362688968903,33.9957470977122 135.362817945506,33.9956904690528 135.362965679048,33.9955541817576 135.363117386614,33.9954639154397 135.363264764625,33.9953751673592 135.363331193894,33.9951953532291 135.363342539391,33.995098084103 135.363335300824,33.9949582263397 135.363360252895,33.9948709362193 135.363424079593,33.9948222906219 135.363483630798,33.9947431316196 135.363534411744,33.9947818656658 135.363530344586,33.9949237386163 135.363618341791,33.9950043651156 135.363719692393,33.9950798926384 135.363842013759,33.9953376438336 135.363949139336,33.9954604458292 135.36406502543,33.995626264226 135.364190021335,33.995564617771</coordinates></LinearRing></outerBoundaryIs></Polygon></MultiGeometry>
  </Placemark>
  <Placemark>
	<Style><LineStyle><color>ff0000ff</color></LineStyle><PolyStyle><fill>0</fill></PolyStyle></Style>
	<ExtendedData><SchemaData schemaUrl="#c392_hidakagunhidakagawachou">
		<SimpleData name="市町村">日高川町</SimpleData>
		<SimpleData name="大字">大字弥谷</SimpleData>
		<SimpleData name="字">字東又</SimpleData>
		<SimpleData name="q_kyouyuushakanrenjouhou_tkigo"></SimpleData>
		<SimpleData name="地番">257-18</SimpleData>
		<SimpleData name="地目">保安林</SimpleData>
		<SimpleData name="面積">2.6203</SimpleData>
		<SimpleData name="乙区分">有</SimpleData>
		<SimpleData name="共有者数">0</SimpleData>
		<SimpleData name="登記年月日">2014/11/28</SimpleData>
		<SimpleData name="q_kyouyuushakanrenjouhou_keyno"></SimpleData>
		<SimpleData name="持ち分"></SimpleData>
	</SchemaData></ExtendedData>
      <MultiGeometry><Polygon><outerBoundaryIs><LinearRing><coordinates>135.361829698613,33.9973328057075 135.361936037076,33.9972857347439 135.362064905862,33.997174108702 135.362124601781,33.9971150839008 135.362206764694,33.9970639843143 135.362298682524,33.9969722090298 135.362380161797,33.9968863842328 135.362464038467,33.9968260780907 135.362565436756,33.996763338197 135.362616698511,33.9966321323638 135.362666944422,33.9965150312966 135.362740235067,33.9963994921418 135.362841536565,33.9961682332825 135.362924892394,33.9960790990313 135.363063171496,33.996010212341 135.363120666262,33.9959340812851 135.363165165624,33.9958498758117 135.363229995445,33.9958367874517 135.363384504908,33.9958120799037 135.363598503046,33.9957561518246 135.363675223486,33.9957276803127 135.363787347431,33.9957011490663 135.363886058099,33.9956762794363 135.36406502543,33.995626264226 135.363949139336,33.9954604458292 135.363842013759,33.9953376438336 135.363719692393,33.9950798926384 135.363618341791,33.9950043651156 135.363530344586,33.9949237386163 135.363534411744,33.9947818656658 135.363483630798,33.9947431316196 135.363424079593,33.9948222906219 135.363360252895,33.9948709362193 135.363335300824,33.9949582263397 135.363342539391,33.995098084103 135.363331193894,33.9951953532291 135.363264764625,33.9953751673592 135.363117386614,33.9954639154397 135.362965679048,33.9955541817576 135.362817945506,33.9956904690528 135.362688968903,33.9957470977122 135.362579702654,33.9957880692784 135.362411268321,33.995785817005 135.362317921485,33.9957532091418 135.362221073265,33.995778069133 135.361932044216,33.9958651788422 135.361807901112,33.9958153976531 135.361658306176,33.9957168609403 135.361549811638,33.9958035097933 135.361443852546,33.9957192200649 135.361497792449,33.9956570100704 135.361580793168,33.9955878282156 135.361658686484,33.9955471906344 135.36160936157,33.9954426474089 135.361737163438,33.995271013679 135.361759693838,33.9952384123687 135.36171130639,33.9952055143567 135.36148997705,33.9952446493628 135.361409894854,33.9952361463399 135.36127536428,33.9952975051434 135.361223854894,33.9954167990036 135.361199237712,33.9956629515856 135.361260507552,33.995742132745 135.361293565769,33.995873766804 135.361300737406,33.9960684145825 135.36130908586,33.9961460226452 135.36132912117,33.996286624018 135.361290889064,33.9963921382244 135.361438500489,33.996619881605 135.361503516907,33.9967958148293 135.361527584388,33.9968286858794 135.361639137127,33.9969034043108 135.361696896296,33.997015059817 135.361740812721,33.9971277542488 135.36178431303,33.9972095468453 135.361803714318,33.9972568742419 135.361829698613,33.9973328057075</coordinates></LinearRing></outerBoundaryIs></Polygon></MultiGeometry>
  </Placemark>
  <Placemark>
	<Style><LineStyle><color>ff0000ff</color></LineStyle><PolyStyle><fill>0</fill></PolyStyle></Style>
	<ExtendedData><SchemaData schemaUrl="#c392_hidakagunhidakagawachou">
		<SimpleData name="市町村">日高川町</SimpleData>
		<SimpleData name="大字">大字弥谷</SimpleData>
		<SimpleData name="字">字東又</SimpleData>
		<SimpleData name="q_kyouyuushakanrenjouhou_tkigo"></SimpleData>
		<SimpleData name="地番">256</SimpleData>
		<SimpleData name="地目">保安林</SimpleData>
		<SimpleData name="面積">33.4195</SimpleData>
		<SimpleData name="乙区分"></SimpleData>
		<SimpleData name="共有者数">0</SimpleData>
		<SimpleData name="登記年月日">2014/11/28</SimpleData>
		<SimpleData name="q_kyouyuushakanrenjouhou_keyno"></SimpleData>
		<SimpleData name="持ち分"></SimpleData>
	</SchemaData></ExtendedData>
      <MultiGeometry><Polygon><outerBoundaryIs><LinearRing><coordinates>135.363078737071,34.0003643830527 135.363247065695,34.0003530017227 135.363313674698,34.0003310048296 135.363429229025,34.0002983518238 135.363570913325,34.000223712028 135.363620237671,34.0002040319143 135.36365557248,34.0002023763386 135.363679542679,34.0002048345746 135.363754370668,34.000195512278 135.363908842844,34.0001072870959 135.364059246238,34.0000320408596 135.364150649856,33.9999408746726 135.364333608661,33.9998546634015 135.364477049683,33.9997663263952 135.364668324503,33.9997509503537 135.364755228153,33.9997293090313 135.364876059521,33.9995370895883 135.364953527402,33.999466767973 135.365036150783,33.9994337360709 135.365250349709,33.9994070550626 135.365364396734,33.9993757980394 135.365433551169,33.999346284753 135.365535731081,33.9992789942915 135.365637295098,33.9991940553405 135.365733633342,33.9991931987864 135.365891811743,33.9991999107062 135.366009995729,33.9991421150509 135.366133057547,33.9990863270343 135.366244503584,33.99904662582 135.36647155971,33.9989793277833 135.366663309046,33.9989480107663 135.366782163327,33.9989252260694 135.36690796433,33.9988999083469 135.367053953683,33.9988496560126 135.36710737119,33.9987291614104 135.367136008194,33.9986759420802 135.36729053452,33.9985547512428 135.367401766289,33.9984386471083 135.367607948083,33.9982605130958 135.367699685129,33.9981339490703 135.367802676196,33.9980064059658 135.367883970778,33.997933217006 135.368055204809,33.9977788689966 135.368142882207,33.9976713427141 135.368253342276,33.9975421876473 135.368282288063,33.9974690370218 135.368260119651,33.9973664201537 135.368223444155,33.9972672810881 135.36820500489,33.9972502182582 135.368157445885,33.9971866626685 135.368150551874,33.9970519650151 135.368076032199,33.9968959649901 135.368047438322,33.996849962673 135.368027212164,33.9967659287171 135.36801586308,33.996711026015 135.368073899161,33.9966051164224 135.368144212627,33.996508979202 135.368285938399,33.9963967634519 135.368371923551,33.9963257620673 135.368479747283,33.996230917182 135.368579177366,33.9961716243385 135.368621063537,33.9960580482119 135.368694309465,33.9959300000082 135.368770480839,33.9957017258239 135.368791603903,33.9955562436095 135.368836023057,33.9954867867328 135.368883238831,33.9953901518862 135.368929970044,33.9952583160126 135.368944735492,33.9952331739602 135.368945839473,33.9951777040844 135.3689676945,33.9951189506271 135.369022834469,33.994991575689 135.369052321404,33.9949549776423 135.369083258119,33.9948934306928 135.369095353247,33.994797680427 135.369116665624,33.9947024814207 135.369173105006,33.9945824430879 135.369160223023,33.9944756535522 135.369208684458,33.9943964979858 135.369298920736,33.9942742346093 135.36939843868,33.9941352669797 135.369425497099,33.9939628670609 135.369502833628,33.993857693982 135.369594431125,33.9937535333963 135.369581031294,33.9936860240221 135.369579638452,33.9935727035778 135.369552663509,33.9934467738714 135.36955052943,33.9933561429412 135.369500418342,33.9932337921265 135.369413733476,33.993133252017 135.369339932666,33.9930790390813 135.369260353532,33.9929501790094 135.369161818146,33.992891918089 135.368992162687,33.9928093079272 135.368852851856,33.9927262960165 135.368698716479,33.992638454635 135.368592152345,33.9926047919381 135.368510188391,33.9925393837963 135.368340418302,33.9924023803151 135.368249649579,33.9923477550322 135.368182135109,33.9923499319131 135.368038810528,33.9923004831398 135.367911850671,33.992207245431 135.367758827353,33.992082047111 135.367496477536,33.9919541038179 135.367246826883,33.9918640402657 135.367053489033,33.9918288660369 135.3669291794,33.9918369440332 135.366801360725,33.9918714126626 135.36647317752,33.9918200629381 135.366357068422,33.9917980699849 135.366261066192,33.9917883250724 135.366104164348,33.9918125551409 135.36592726713,33.9918270149838 135.365778410683,33.9918390062839 135.365751893776,33.9918445487756 135.365684020272,33.9919023710995 135.365626867485,33.9919432156042 135.365556589272,33.9920449415744 135.365519856775,33.9921068012765 135.365448646847,33.9922346679227 135.365348790339,33.9923678071817 135.365327376359,33.992406168057 135.365510351635,33.9924914467554 135.365453552115,33.9927106847924 135.36545837417,33.9928817885654 135.365393245626,33.9930722585743 135.365399594769,33.9932082889007 135.365465387037,33.9932823711427 135.365527104142,33.9933992566018 135.365581701762,33.9935826182611 135.365579481342,33.9938057712071 135.365547986276,33.9940003988794 135.365726934566,33.9941386454076 135.365850013269,33.9942342086017 135.365952523575,33.994385161039 135.366100284016,33.9945446584163 135.366136586285,33.994628126381 135.366230292103,33.9948061606012 135.366321196216,33.994982541205 135.36637151764,33.995115298821 135.366403954446,33.9952064203221 135.366561342135,33.9953013300216 135.366623210723,33.9953455394141 135.366704635185,33.9954664567043 135.36676427178,33.9955678791694 135.366832230147,33.9957910317535 135.366914201778,33.9960014284263 135.36692730725,33.9960501552854 135.366993224465,33.9961602554079 135.367107039159,33.9963216857356 135.366962948503,33.9963555929053 135.366804733824,33.9963572400483 135.36669621426,33.9963912488393 135.366542780495,33.9964050377757 135.36642599653,33.9964248486345 135.366331029863,33.9964513363193 135.366282656064,33.9964833283994 135.366161159445,33.9965854119758 135.366088351539,33.9966336430462 135.365952052169,33.9964770348817 135.36571710682,33.9962287039205 135.365511841781,33.9960332250759 135.365377000843,33.9958670848533 135.365254710355,33.9958300572128 135.365133131319,33.9955924800609 135.36510780205,33.9955211489999 135.365062228858,33.9954572246935 135.364944190465,33.9953694937076 135.364828121319,33.9952922322513 135.364632447174,33.9951990601599 135.36457588808,33.9951032343811 135.364480844772,33.995033870128 135.36434120375,33.9949110078759 135.364242661484,33.994836532215 135.364173724428,33.9950946370616 135.364149818894,33.9953537959687 135.364166928544,33.9954662058674 135.364190021335,33.995564617771 135.36406502543,33.995626264226 135.363886058099,33.9956762794363 135.363787347431,33.9957011490663 135.363675223486,33.9957276803127 135.363598503046,33.9957561518246 135.363384504908,33.9958120799037 135.363229995445,33.9958367874517 135.363165165624,33.9958498758117 135.363120666262,33.9959340812851 135.363063171496,33.996010212341 135.362924892394,33.9960790990313 135.362841536565,33.9961682332825 135.362740235067,33.9963994921418 135.362666944422,33.9965150312966 135.362616698511,33.9966321323638 135.362565436756,33.996763338197 135.362464038467,33.9968260780907 135.362380161797,33.9968863842328 135.362298682524,33.9969722090298 135.362206764694,33.9970639843143 135.362124601781,33.9971150839008 135.362064905862,33.997174108702 135.361936037076,33.9972857347439 135.361829698613,33.9973328057075 135.361845413217,33.9974100741629 135.361843112471,33.9975787868765 135.361887843078,33.9976479471767 135.361959724816,33.9977065093167 135.36206177626,33.9977884260527 135.362099789097,33.9979960544258 135.362183517043,33.9980890730226 135.362197579344,33.9981686310398 135.36221629781,33.9982348163109 135.362234715217,33.9983922771587 135.362296273402,33.9985346605779 135.362298047772,33.9986519770227 135.362291260159,33.9987941341573 135.362310679809,33.9989186187289 135.362367298406,33.9989979203634 135.362410021808,33.9990358278014 135.362474252062,33.9991772350134 135.362531728381,33.9992647888571 135.362651137803,33.9994039835624 135.3627358044,33.9995108750557 135.36283462312,33.9996635410162 135.362899137456,33.9997176096355 135.362987924161,33.9998438607188 135.363017876215,33.9999745143587 135.363053312071,34.0001144900798 135.36308681263,34.0002192049975 135.363090188906,34.0002889792977 135.363078737071,34.0003643830527</coordinates></LinearRing></outerBoundaryIs></Polygon></MultiGeometry>
  </Placemark>
  <Placemark>
	<Style><LineStyle><color>ff0000ff</color></LineStyle><PolyStyle><fill>0</fill></PolyStyle></Style>
	<ExtendedData><SchemaData schemaUrl="#c392_hidakagunhidakagawachou">
		<SimpleData name="市町村">日高川町</SimpleData>
		<SimpleData name="大字">大字弥谷</SimpleData>
		<SimpleData name="字">字東又</SimpleData>
		<SimpleData name="q_kyouyuushakanrenjouhou_tkigo"></SimpleData>
		<SimpleData name="地番">257-5</SimpleData>
		<SimpleData name="地目">保安林</SimpleData>
		<SimpleData name="面積">4.7823</SimpleData>
		<SimpleData name="乙区分"></SimpleData>
		<SimpleData name="共有者数">0</SimpleData>
		<SimpleData name="登記年月日">2014/11/28</SimpleData>
		<SimpleData name="q_kyouyuushakanrenjouhou_keyno"></SimpleData>
		<SimpleData name="持ち分"></SimpleData>
	</SchemaData></ExtendedData>
      <MultiGeometry><Polygon><outerBoundaryIs><LinearRing><coordinates>135.364242661484,33.994836532215 135.36434120375,33.9949110078759 135.364480844772,33.995033870128 135.36457588808,33.9951032343811 135.364632447174,33.9951990601599 135.364828121319,33.9952922322513 135.364944190465,33.9953694937076 135.365062228858,33.9954572246935 135.36510780205,33.9955211489999 135.365133131319,33.9955924800609 135.365254710355,33.9958300572128 135.365377000843,33.9958670848533 135.365511841781,33.9960332250759 135.36571710682,33.9962287039205 135.365952052169,33.9964770348817 135.366088351539,33.9966336430462 135.366161159445,33.9965854119758 135.366282656064,33.9964833283994 135.366331029863,33.9964513363193 135.36642599653,33.9964248486345 135.366542780495,33.9964050377757 135.36669621426,33.9963912488393 135.366804733824,33.9963572400483 135.366962948503,33.9963555929053 135.367107039159,33.9963216857356 135.366993224465,33.9961602554079 135.36692730725,33.9960501552854 135.366914201778,33.9960014284263 135.366832230147,33.9957910317535 135.36676427178,33.9955678791694 135.366704635185,33.9954664567043 135.366623210723,33.9953455394141 135.366561342135,33.9953013300216 135.366403954446,33.9952064203221 135.36637151764,33.995115298821 135.366321196216,33.994982541205 135.366230292103,33.9948061606012 135.366136586285,33.994628126381 135.366100284016,33.9945446584163 135.365952523575,33.994385161039 135.365850013269,33.9942342086017 135.365726934566,33.9941386454076 135.365547986276,33.9940003988794 135.365454643286,33.9939937243703 135.365227695098,33.9940161746632 135.364958722478,33.9939417027574 135.364777593108,33.9939540671877 135.364682707746,33.9938650850541 135.364591981831,33.9937729768396 135.364573791505,33.9936893765673 135.364260822139,33.993465028092 135.36420071573,33.9933572285582 135.36406584932,33.9931214569592 135.3640134247,33.9929400911954 135.363924565278,33.9931759947458 135.363959094834,33.9934126011074 135.363825037334,33.9936783401916 135.363780385852,33.9937916199976 135.363818554432,33.993852496048 135.363849680312,33.9939461070747 135.363867859667,33.9941427781106 135.363904322889,33.9942420968059 135.363949185618,33.9943051442195 135.364018974685,33.9944062760859 135.364095291488,33.9945510800556 135.36410598327,33.99464298234 135.364192675594,33.9947388279305 135.364242661484,33.994836532215</coordinates></LinearRing></outerBoundaryIs></Polygon></MultiGeometry>
  </Placemark>
  <Placemark>
	<Style><LineStyle><color>ff0000ff</color></LineStyle><PolyStyle><fill>0</fill></PolyStyle></Style>
	<ExtendedData><SchemaData schemaUrl="#c392_hidakagunhidakagawachou">
		<SimpleData name="市町村">日高川町</SimpleData>
		<SimpleData name="大字">大字弥谷</SimpleData>
		<SimpleData name="字">字東又</SimpleData>
		<SimpleData name="q_kyouyuushakanrenjouhou_tkigo"></SimpleData>
		<SimpleData name="地番">254-3</SimpleData>
		<SimpleData name="地目">保安林</SimpleData>
		<SimpleData name="面積">2.0654</SimpleData>
		<SimpleData name="乙区分"></SimpleData>
		<SimpleData name="共有者数">0</SimpleData>
		<SimpleData name="登記年月日">2014/11/28</SimpleData>
		<SimpleData name="q_kyouyuushakanrenjouhou_keyno"></SimpleData>
		<SimpleData name="持ち分"></SimpleData>
	</SchemaData></ExtendedData>
      <MultiGeometry><Polygon><outerBoundaryIs><LinearRing><coordinates>135.36461709844,33.9897096147864 135.364835936355,33.9897602697335 135.365001626293,33.9898055379143 135.365121132465,33.9898097249928 135.365279228528,33.9898240016176 135.365399772122,33.9898489486562 135.365630473387,33.9898559627335 135.365776115455,33.9898986840645 135.365949691662,33.9899386631567 135.3660682684,33.9899837952915 135.366168313898,33.9900098080432 135.366349470199,33.9900700927359 135.366531879506,33.9901100452752 135.366626883093,33.9901331997634 135.366801470176,33.9901947591007 135.3669880873,33.9902250656442 135.367128059859,33.9902675208919 135.3672287638,33.9902896331356 135.367338629628,33.9902862671535 135.367455809793,33.9902934784068 135.367556768473,33.990306205113 135.367602245765,33.9901825037512 135.367608482496,33.9900828546777 135.367530002187,33.9899451922561 135.367435942815,33.9898282027644 135.367348468351,33.9897226811791 135.367263111532,33.9896174120511 135.367183425525,33.9894175227347 135.367018496175,33.9892464067489 135.366878941332,33.9890557670907 135.366812532457,33.9889878863187 135.366720007862,33.9888729237617 135.36461709844,33.9897096147864</coordinates></LinearRing></outerBoundaryIs></Polygon></MultiGeometry>
  </Placemark>
  <Placemark>
	<Style><LineStyle><color>ff0000ff</color></LineStyle><PolyStyle><fill>0</fill></PolyStyle></Style>
	<ExtendedData><SchemaData schemaUrl="#c392_hidakagunhidakagawachou">
		<SimpleData name="市町村">日高川町</SimpleData>
		<SimpleData name="大字">大字弥谷</SimpleData>
		<SimpleData name="字">字東又</SimpleData>
		<SimpleData name="q_kyouyuushakanrenjouhou_tkigo"></SimpleData>
		<SimpleData name="地番">255-2</SimpleData>
		<SimpleData name="地目">保安林</SimpleData>
		<SimpleData name="面積">2.9934</SimpleData>
		<SimpleData name="乙区分">有</SimpleData>
		<SimpleData name="共有者数">0</SimpleData>
		<SimpleData name="登記年月日">2014/11/28</SimpleData>
		<SimpleData name="q_kyouyuushakanrenjouhou_keyno"></SimpleData>
		<SimpleData name="持ち分"></SimpleData>
	</SchemaData></ExtendedData>
      <MultiGeometry><Polygon><outerBoundaryIs><LinearRing><coordinates>135.368249649579,33.9923477550322 135.368251405884,33.9921952761293 135.368268630411,33.992042866732 135.36830007266,33.9918879256021 135.368334952643,33.9917819690123 135.368382478631,33.991650660273 135.368375127536,33.9915105848152 135.36836028166,33.9913693718233 135.368354554541,33.9911574298847 135.368308147871,33.9910526779163 135.368185295307,33.9909519521258 135.36810235431,33.9909032724231 135.36794587907,33.990764920251 135.367807759723,33.9906340012426 135.367683392838,33.9904703164121 135.367556768473,33.990306205113 135.367455809793,33.9902934784068 135.367338629628,33.9902862671535 135.3672287638,33.9902896331356 135.367128059859,33.9902675208919 135.3669880873,33.9902250656442 135.366801470176,33.9901947591007 135.366691349604,33.9902337897679 135.366480096418,33.9903554471672 135.366380124765,33.9904080808892 135.366216495923,33.9905077306462 135.366444179211,33.9906082237869 135.366519727353,33.9907617679263 135.366564124031,33.9908526345571 135.366698616042,33.9909483557683 135.366813990646,33.9910603253907 135.366972917889,33.9911510139925 135.367174587381,33.9912304547721 135.367312513351,33.9914004579276 135.367175715711,33.9913715802104 135.367005983804,33.9913263662753 135.366863353149,33.9913224668344 135.366652603413,33.9913043057635 135.366350909614,33.9912744329995 135.366039961183,33.9912128304217 135.366093662143,33.9913814993005 135.366153536136,33.9915089327387 135.366197183365,33.9916088927922 135.366076876483,33.9916871090231 135.36589453452,33.9917176632094 135.365676753431,33.9917878211953 135.365778410683,33.9918390062839 135.36592726713,33.9918270149838 135.366104164348,33.9918125551409 135.366261066192,33.9917883250724 135.366357068422,33.9917980699849 135.36647317752,33.9918200629381 135.366801360725,33.9918714126626 135.3669291794,33.9918369440332 135.367053489033,33.9918288660369 135.367246826883,33.9918640402657 135.367496477536,33.9919541038179 135.367758827353,33.992082047111 135.367911850671,33.992207245431 135.368038810528,33.9923004831398 135.368182135109,33.9923499319131 135.368249649579,33.9923477550322</coordinates></LinearRing></outerBoundaryIs></Polygon></MultiGeometry>
  </Placemark>
  <Placemark>
	<Style><LineStyle><color>ff0000ff</color></LineStyle><PolyStyle><fill>0</fill></PolyStyle></Style>
	<ExtendedData><SchemaData schemaUrl="#c392_hidakagunhidakagawachou">
		<SimpleData name="市町村">日高川町</SimpleData>
		<SimpleData name="大字">大字弥谷</SimpleData>
		<SimpleData name="字">字東又</SimpleData>
		<SimpleData name="q_kyouyuushakanrenjouhou_tkigo"></SimpleData>
		<SimpleData name="地番">255-1</SimpleData>
		<SimpleData name="地目">保安林</SimpleData>
		<SimpleData name="面積">2.8201</SimpleData>
		<SimpleData name="乙区分"></SimpleData>
		<SimpleData name="共有者数">0</SimpleData>
		<SimpleData name="登記年月日">2014/11/28</SimpleData>
		<SimpleData name="q_kyouyuushakanrenjouhou_keyno"></SimpleData>
		<SimpleData name="持ち分"></SimpleData>
	</SchemaData></ExtendedData>
      <MultiGeometry><Polygon><outerBoundaryIs><LinearRing><coordinates>135.364483250043,33.9919981896545 135.364683582475,33.9920374801785 135.36476677166,33.9921718147082 135.364918366813,33.9922659500753 135.365138816534,33.9923832772499 135.365327376359,33.992406168057 135.365348790339,33.9923678071817 135.365448646847,33.9922346679227 135.365519856775,33.9921068012765 135.365556589272,33.9920449415744 135.365626867485,33.9919432156042 135.365684020272,33.9919023710995 135.365751893776,33.9918445487756 135.365778410683,33.9918390062839 135.365676753431,33.9917878211953 135.36589453452,33.9917176632094 135.366076876483,33.9916871090231 135.366197183365,33.9916088927922 135.366153536136,33.9915089327387 135.366093662143,33.9913814993005 135.366039961183,33.9912128304217 135.366350909614,33.9912744329995 135.366652603413,33.9913043057635 135.366863353149,33.9913224668344 135.367005983804,33.9913263662753 135.367175715711,33.9913715802104 135.367312513351,33.9914004579276 135.367174587381,33.9912304547721 135.366972917889,33.9911510139925 135.366813990646,33.9910603253907 135.366698616042,33.9909483557683 135.366564124031,33.9908526345571 135.366519727353,33.9907617679263 135.366444179211,33.9906082237869 135.366216495923,33.9905077306462 135.366145832029,33.990550868906 135.366074616446,33.9906069251396 135.365952415764,33.9906692362695 135.365866115835,33.9907290626786 135.365773525841,33.9908094500899 135.36572340286,33.9908746299624 135.365649871456,33.9909656471414 135.365614826387,33.9910599182555 135.36532177535,33.9909976289703 135.364960807466,33.9908708953775 135.364771106355,33.9907836589234 135.364621078583,33.9907132985905 135.364436507901,33.9906072725889 135.364400565495,33.9906621387195 135.364363640762,33.9907090836997 135.364342206624,33.9907501500165 135.364321469526,33.9907675240319 135.364273700814,33.9908389464414 135.364200710058,33.9909632598894 135.364249749518,33.9910146620747 135.364276002065,33.9910373278554 135.364238069303,33.9911150942507 135.36420749452,33.9911566894295 135.364145357436,33.9911781600202 135.364089639077,33.9912227168105 135.364183498525,33.9913049510361 135.364258691388,33.991497011114 135.364288556773,33.9916506811553 135.364335642784,33.9917566101934 135.364449901675,33.9919427050279 135.364483250043,33.9919981896545</coordinates></LinearRing></outerBoundaryIs></Polygon></MultiGeometry>
  </Placemark>
  <Placemark>
	<Style><LineStyle><color>ff0000ff</color></LineStyle><PolyStyle><fill>0</fill></PolyStyle></Style>
	<ExtendedData><SchemaData schemaUrl="#c392_hidakagunhidakagawachou">
		<SimpleData name="市町村">日高川町</SimpleData>
		<SimpleData name="大字">大字弥谷</SimpleData>
		<SimpleData name="字">字東又</SimpleData>
		<SimpleData name="q_kyouyuushakanrenjouhou_tkigo"></SimpleData>
		<SimpleData name="地番">74</SimpleData>
		<SimpleData name="地目">山林</SimpleData>
		<SimpleData name="面積">0.0352</SimpleData>
		<SimpleData name="乙区分"></SimpleData>
		<SimpleData name="共有者数">0</SimpleData>
		<SimpleData name="登記年月日">2014/11/28</SimpleData>
		<SimpleData name="q_kyouyuushakanrenjouhou_keyno"></SimpleData>
		<SimpleData name="持ち分"></SimpleData>
	</SchemaData></ExtendedData>
      <MultiGeometry><Polygon><outerBoundaryIs><LinearRing><coordinates>135.364089639077,33.9912227168105 135.364145357436,33.9911781600202 135.36420749452,33.9911566894295 135.364238069303,33.9911150942507 135.364276002065,33.9910373278554 135.364249749518,33.9910146620747 135.364200710058,33.9909632598894 135.364150633682,33.99094775501 135.364076993731,33.9910674948062 135.364046363727,33.9910730526376 135.364089639077,33.9912227168105</coordinates></LinearRing></outerBoundaryIs></Polygon></MultiGeometry>
  </Placemark>
  <Placemark>
	<Style><LineStyle><color>ff0000ff</color></LineStyle><PolyStyle><fill>0</fill></PolyStyle></Style>
	<ExtendedData><SchemaData schemaUrl="#c392_hidakagunhidakagawachou">
		<SimpleData name="市町村">日高川町</SimpleData>
		<SimpleData name="大字">大字弥谷</SimpleData>
		<SimpleData name="字">字東又</SimpleData>
		<SimpleData name="q_kyouyuushakanrenjouhou_tkigo"></SimpleData>
		<SimpleData name="地番">79</SimpleData>
		<SimpleData name="地目">山林</SimpleData>
		<SimpleData name="面積">0.5253</SimpleData>
		<SimpleData name="乙区分"></SimpleData>
		<SimpleData name="共有者数">0</SimpleData>
		<SimpleData name="登記年月日">2014/11/28</SimpleData>
		<SimpleData name="q_kyouyuushakanrenjouhou_keyno"></SimpleData>
		<SimpleData name="持ち分"></SimpleData>
	</SchemaData></ExtendedData>
      <MultiGeometry><Polygon><outerBoundaryIs><LinearRing><coordinates>135.363371912605,33.9907969481153 135.363656112204,33.990839874026 135.363551052184,33.9909244318779 135.363589656291,33.9910093100078 135.363618198845,33.991177625302 135.363585754248,33.9913323427306 135.363621854091,33.9915455418728 135.363678385815,33.9915892653245 135.363675868886,33.9917657309098 135.36384804924,33.9917104524422 135.3640371668,33.9916493720217 135.364045228651,33.991667085087 135.364064382681,33.9916880390425 135.364138656333,33.9917479097116 135.364194734331,33.991781540758 135.364282697175,33.9918606239886 135.364252573587,33.991768937731 135.364171867075,33.9916632947306 135.364158488799,33.9915061755929 135.364140764648,33.9914080618536 135.364097756205,33.9913201858476 135.364010428886,33.9911964323038 135.363976407135,33.9910718976001 135.364006114404,33.9909635533176 135.36407509638,33.9908675548073 135.364014964522,33.9907548692389 135.364020343145,33.9906925152138 135.364024107297,33.9906071430624 135.363985466365,33.9906332250072 135.363720487485,33.9906589660799 135.363558523354,33.9906961488977 135.363371912605,33.9907969481153</coordinates></LinearRing></outerBoundaryIs></Polygon></MultiGeometry>
  </Placemark>
  <Placemark>
	<Style><LineStyle><color>ff0000ff</color></LineStyle><PolyStyle><fill>0</fill></PolyStyle></Style>
	<ExtendedData><SchemaData schemaUrl="#c392_hidakagunhidakagawachou">
		<SimpleData name="市町村">日高川町</SimpleData>
		<SimpleData name="大字">大字弥谷</SimpleData>
		<SimpleData name="字">字東又</SimpleData>
		<SimpleData name="q_kyouyuushakanrenjouhou_tkigo"></SimpleData>
		<SimpleData name="地番">257-9</SimpleData>
		<SimpleData name="地目">山林</SimpleData>
		<SimpleData name="面積">0.4246</SimpleData>
		<SimpleData name="乙区分"></SimpleData>
		<SimpleData name="共有者数">0</SimpleData>
		<SimpleData name="登記年月日">2014/11/28</SimpleData>
		<SimpleData name="q_kyouyuushakanrenjouhou_keyno"></SimpleData>
		<SimpleData name="持ち分"></SimpleData>
	</SchemaData></ExtendedData>
      <MultiGeometry><Polygon><outerBoundaryIs><LinearRing><coordinates>135.36371413157,33.9923625997147 135.364002505769,33.9923600876878 135.364199522749,33.9923621158 135.364319775502,33.992294287601 135.364338263588,33.9922346339879 135.364351188611,33.9921632758882 135.364334329042,33.9920014874304 135.364300204172,33.9919675821935 135.364282697175,33.9918606239886 135.364194734331,33.991781540758 135.364138656333,33.9917479097116 135.364064382681,33.9916880390425 135.364045228651,33.991667085087 135.3640371668,33.9916493720217 135.36384804924,33.9917104524422 135.363675868886,33.9917657309098 135.363698025334,33.9918501551722 135.363572035166,33.9920487484321 135.363653145254,33.9921802058558 135.363691709663,33.9922659952545 135.36371413157,33.9923625997147</coordinates></LinearRing></outerBoundaryIs></Polygon></MultiGeometry>
  </Placemark>
  <Placemark>
	<Style><LineStyle><color>ff0000ff</color></LineStyle><PolyStyle><fill>0</fill></PolyStyle></Style>
	<ExtendedData><SchemaData schemaUrl="#c392_hidakagunhidakagawachou">
		<SimpleData name="市町村">日高川町</SimpleData>
		<SimpleData name="大字">大字弥谷</SimpleData>
		<SimpleData name="字">字東又</SimpleData>
		<SimpleData name="q_kyouyuushakanrenjouhou_tkigo"></SimpleData>
		<SimpleData name="地番">73</SimpleData>
		<SimpleData name="地目">山林</SimpleData>
		<SimpleData name="面積">0.0496</SimpleData>
		<SimpleData name="乙区分"></SimpleData>
		<SimpleData name="共有者数">0</SimpleData>
		<SimpleData name="登記年月日">2014/11/28</SimpleData>
		<SimpleData name="q_kyouyuushakanrenjouhou_keyno"></SimpleData>
		<SimpleData name="持ち分"></SimpleData>
	</SchemaData></ExtendedData>
      <MultiGeometry><Polygon><outerBoundaryIs><LinearRing><coordinates>135.364034208656,33.9928570890102 135.364065955869,33.99288617559 135.364148444334,33.9927326895528 135.36428544236,33.9926271167382 135.364404495613,33.9924862354061 135.3644063726,33.9923824337959 135.364407416691,33.9922422139955 135.364334584842,33.9924510092788 135.364123405111,33.9926357200217 135.364034208656,33.9928570890102</coordinates></LinearRing></outerBoundaryIs></Polygon></MultiGeometry>
  </Placemark>
  <Placemark>
	<Style><LineStyle><color>ff0000ff</color></LineStyle><PolyStyle><fill>0</fill></PolyStyle></Style>
	<ExtendedData><SchemaData schemaUrl="#c392_hidakagunhidakagawachou">
		<SimpleData name="市町村">日高川町</SimpleData>
		<SimpleData name="大字">大字弥谷</SimpleData>
		<SimpleData name="字">字東又</SimpleData>
		<SimpleData name="q_kyouyuushakanrenjouhou_tkigo"></SimpleData>
		<SimpleData name="地番">72</SimpleData>
		<SimpleData name="地目">保安林</SimpleData>
		<SimpleData name="面積">0.5643</SimpleData>
		<SimpleData name="乙区分"></SimpleData>
		<SimpleData name="共有者数">0</SimpleData>
		<SimpleData name="登記年月日">2014/11/28</SimpleData>
		<SimpleData name="q_kyouyuushakanrenjouhou_keyno"></SimpleData>
		<SimpleData name="持ち分"></SimpleData>
	</SchemaData></ExtendedData>
      <MultiGeometry><Polygon><outerBoundaryIs><LinearRing><coordinates>135.364407416691,33.9922422139955 135.364550674067,33.9922002090735 135.364594117756,33.9923809611434 135.364728808638,33.9925750592619 135.364855824161,33.9928015211663 135.365007478849,33.9929284110116 135.365221366361,33.9930783691908 135.365381716276,33.9931905352064 135.365399594769,33.9932082889007 135.365393245626,33.9930722585743 135.36545837417,33.9928817885654 135.365453552115,33.9927106847924 135.365510351635,33.9924914467554 135.365327376359,33.992406168057 135.365138816534,33.9923832772499 135.364918366813,33.9922659500753 135.36476677166,33.9921718147082 135.364683582475,33.9920374801785 135.364483250043,33.9919981896545 135.364448823773,33.9920700317579 135.364407416691,33.9922422139955</coordinates></LinearRing></outerBoundaryIs></Polygon></MultiGeometry>
  </Placemark>
  <Placemark>
	<Style><LineStyle><color>ff0000ff</color></LineStyle><PolyStyle><fill>0</fill></PolyStyle></Style>
	<ExtendedData><SchemaData schemaUrl="#c392_hidakagunhidakagawachou">
		<SimpleData name="市町村">日高川町</SimpleData>
		<SimpleData name="大字">大字弥谷</SimpleData>
		<SimpleData name="字">字東又</SimpleData>
		<SimpleData name="q_kyouyuushakanrenjouhou_tkigo"></SimpleData>
		<SimpleData name="地番">257</SimpleData>
		<SimpleData name="地目">保安林</SimpleData>
		<SimpleData name="面積">1.3369</SimpleData>
		<SimpleData name="乙区分"></SimpleData>
		<SimpleData name="共有者数">0</SimpleData>
		<SimpleData name="登記年月日">2014/11/28</SimpleData>
		<SimpleData name="q_kyouyuushakanrenjouhou_keyno"></SimpleData>
		<SimpleData name="持ち分"></SimpleData>
	</SchemaData></ExtendedData>
      <MultiGeometry><Polygon><outerBoundaryIs><LinearRing><coordinates>135.364573791505,33.9936893765673 135.364591981831,33.9937729768396 135.364682707746,33.9938650850541 135.364777593108,33.9939540671877 135.364958722478,33.9939417027574 135.365227695098,33.9940161746632 135.365454643286,33.9939937243703 135.365547986276,33.9940003988794 135.365579481342,33.9938057712071 135.365581701762,33.9935826182611 135.365527104142,33.9933992566018 135.365465387037,33.9932823711427 135.365399594769,33.9932082889007 135.365381716276,33.9931905352064 135.365221366361,33.9930783691908 135.365007478849,33.9929284110116 135.364855824161,33.9928015211663 135.364728808638,33.9925750592619 135.364594117756,33.9923809611434 135.364550674067,33.9922002090735 135.364407416691,33.9922422139955 135.3644063726,33.9923824337959 135.364404495613,33.9924862354061 135.36428544236,33.9926271167382 135.364148444334,33.9927326895528 135.364065955869,33.99288617559 135.364185285463,33.9930093840034 135.364267142481,33.9931031489163 135.364415996596,33.9932675406476 135.364495523492,33.9933677226898 135.364840374425,33.9936355030269 135.364573791505,33.9936893765673</coordinates></LinearRing></outerBoundaryIs></Polygon></MultiGeometry>
  </Placemark>
  <Placemark>
	<Style><LineStyle><color>ff0000ff</color></LineStyle><PolyStyle><fill>0</fill></PolyStyle></Style>
	<ExtendedData><SchemaData schemaUrl="#c392_hidakagunhidakagawachou">
		<SimpleData name="市町村">日高川町</SimpleData>
		<SimpleData name="大字">大字弥谷</SimpleData>
		<SimpleData name="字">字東又</SimpleData>
		<SimpleData name="q_kyouyuushakanrenjouhou_tkigo"></SimpleData>
		<SimpleData name="地番">257-4</SimpleData>
		<SimpleData name="地目">保安林</SimpleData>
		<SimpleData name="面積">0.2027</SimpleData>
		<SimpleData name="乙区分"></SimpleData>
		<SimpleData name="共有者数">0</SimpleData>
		<SimpleData name="登記年月日">2014/11/28</SimpleData>
		<SimpleData name="q_kyouyuushakanrenjouhou_keyno"></SimpleData>
		<SimpleData name="持ち分"></SimpleData>
	</SchemaData></ExtendedData>
      <MultiGeometry><Polygon><outerBoundaryIs><LinearRing><coordinates>135.364573791505,33.9936893765673 135.364840374425,33.9936355030269 135.364495523492,33.9933677226898 135.364415996596,33.9932675406476 135.364267142481,33.9931031489163 135.364185285463,33.9930093840034 135.364065955869,33.99288617559 135.364034208656,33.9928570890102 135.3640134247,33.9929400911954 135.36406584932,33.9931214569592 135.36420071573,33.9933572285582 135.364260822139,33.993465028092 135.364573791505,33.9936893765673</coordinates></LinearRing></outerBoundaryIs></Polygon></MultiGeometry>
  </Placemark>
  <Placemark>
	<Style><LineStyle><color>ff0000ff</color></LineStyle><PolyStyle><fill>0</fill></PolyStyle></Style>
	<ExtendedData><SchemaData schemaUrl="#c392_hidakagunhidakagawachou">
		<SimpleData name="市町村">日高川町</SimpleData>
		<SimpleData name="大字">大字弥谷</SimpleData>
		<SimpleData name="字">字東又</SimpleData>
		<SimpleData name="q_kyouyuushakanrenjouhou_tkigo"></SimpleData>
		<SimpleData name="地番">257-16</SimpleData>
		<SimpleData name="地目">保安林</SimpleData>
		<SimpleData name="面積">2.8706</SimpleData>
		<SimpleData name="乙区分"></SimpleData>
		<SimpleData name="共有者数">0</SimpleData>
		<SimpleData name="登記年月日">2014/11/28</SimpleData>
		<SimpleData name="q_kyouyuushakanrenjouhou_keyno"></SimpleData>
		<SimpleData name="持ち分"></SimpleData>
	</SchemaData></ExtendedData>
      <MultiGeometry><Polygon><outerBoundaryIs><LinearRing><coordinates>135.363683891162,33.9937940971337 135.363717823408,33.9936520720686 135.363757213678,33.9934209600345 135.363738483732,33.9932922497306 135.363754762248,33.9931676703906 135.363862081161,33.9930069369654 135.363934688757,33.9928776990482 135.363962379148,33.9927279500564 135.363972604355,33.9926369240356 135.363833869305,33.9926254948046 135.363705964257,33.9926757287617 135.363578578913,33.9927141642112 135.363639266076,33.9925275671216 135.363665221457,33.9923607238675 135.36371413157,33.9923625997147 135.363691709663,33.9922659952545 135.363653145254,33.9921802058558 135.363572035166,33.9920487484321 135.363698025334,33.9918501551722 135.363675868886,33.9917657309098 135.363678385815,33.9915892653245 135.363621854091,33.9915455418728 135.363585754248,33.9913323427306 135.363618198845,33.991177625302 135.363589656291,33.9910093100078 135.363551052184,33.9909244318779 135.363496415359,33.9909748922738 135.363419108314,33.9910796911898 135.363306780905,33.9911907552791 135.363202839336,33.9913082460063 135.363005965271,33.9914774131712 135.362819927635,33.9916910760764 135.362680041653,33.9917673392781 135.362460452813,33.9918993230366 135.362351246202,33.9920127997544 135.362249263108,33.9920864639323 135.362040179462,33.9922491918934 135.362054812644,33.9923101619333 135.362435746799,33.9924275506088 135.362721173329,33.9924169840267 135.362830120654,33.9924107511416 135.362941842922,33.9924940507365 135.363157899052,33.992638514929 135.363058955478,33.9926486235858 135.362844738509,33.9927247193931 135.362673559423,33.992695115844 135.3626025438,33.9927715382345 135.362578325526,33.992873752633 135.362656249083,33.9929897236039 135.362879629503,33.9931809030262 135.362760447372,33.9932153400241 135.36267919941,33.993335804968 135.362550214443,33.9935028706259 135.362466170421,33.9936411023128 135.362464420778,33.993750573786 135.3623954227,33.9938380240595 135.362364515794,33.9939152753576 135.362155686076,33.9940524263307 135.362401635906,33.9940742117671 135.362603968339,33.99403477922 135.362673960822,33.993953168245 135.362660459481,33.9938593939825 135.362770229822,33.9937360645525 135.362979006854,33.993734963882 135.36313159969,33.9937099960507 135.363326361837,33.99374771732 135.363423688701,33.9937615186737 135.363471583102,33.9937751651813 135.363683891162,33.9937940971337</coordinates></LinearRing></outerBoundaryIs></Polygon></MultiGeometry>
  </Placemark>
  <Placemark>
	<Style><LineStyle><color>ff0000ff</color></LineStyle><PolyStyle><fill>0</fill></PolyStyle></Style>
	<ExtendedData><SchemaData schemaUrl="#c392_hidakagunhidakagawachou">
		<SimpleData name="市町村">日高川町</SimpleData>
		<SimpleData name="大字">大字弥谷</SimpleData>
		<SimpleData name="字">字東又</SimpleData>
		<SimpleData name="q_kyouyuushakanrenjouhou_tkigo"></SimpleData>
		<SimpleData name="地番">76</SimpleData>
		<SimpleData name="地目">山林</SimpleData>
		<SimpleData name="面積">0.134</SimpleData>
		<SimpleData name="乙区分"></SimpleData>
		<SimpleData name="共有者数">0</SimpleData>
		<SimpleData name="登記年月日">2014/11/28</SimpleData>
		<SimpleData name="q_kyouyuushakanrenjouhou_keyno"></SimpleData>
		<SimpleData name="持ち分"></SimpleData>
	</SchemaData></ExtendedData>
      <MultiGeometry><Polygon><outerBoundaryIs><LinearRing><coordinates>135.363578578913,33.9927141642112 135.363705964257,33.9926757287617 135.363833869305,33.9926254948046 135.363972604355,33.9926369240356 135.364031417834,33.9925924356069 135.364118508332,33.9924415880148 135.364199522749,33.9923621158 135.364002505769,33.9923600876878 135.36371413157,33.9923625997147 135.363665221457,33.9923607238675 135.363639266076,33.9925275671216 135.363578578913,33.9927141642112</coordinates></LinearRing></outerBoundaryIs></Polygon></MultiGeometry>
  </Placemark>
  <Placemark>
	<Style><LineStyle><color>ff0000ff</color></LineStyle><PolyStyle><fill>0</fill></PolyStyle></Style>
	<ExtendedData><SchemaData schemaUrl="#c392_hidakagunhidakagawachou">
		<SimpleData name="市町村">日高川町</SimpleData>
		<SimpleData name="大字">大字弥谷</SimpleData>
		<SimpleData name="字">字幸中</SimpleData>
		<SimpleData name="q_kyouyuushakanrenjouhou_tkigo"></SimpleData>
		<SimpleData name="地番">268-2</SimpleData>
		<SimpleData name="地目">保安林</SimpleData>
		<SimpleData name="面積">2.0311</SimpleData>
		<SimpleData name="乙区分"></SimpleData>
		<SimpleData name="共有者数">0</SimpleData>
		<SimpleData name="登記年月日">2014/11/28</SimpleData>
		<SimpleData name="q_kyouyuushakanrenjouhou_keyno"></SimpleData>
		<SimpleData name="持ち分"></SimpleData>
	</SchemaData></ExtendedData>
      <MultiGeometry><Polygon><outerBoundaryIs><LinearRing><coordinates>135.358482910712,33.9922221662578 135.358550984752,33.9923170901514 135.358587272758,33.9924359210461 135.358588973852,33.9925408492445 135.358760200341,33.992590129849 135.35885349252,33.9925210043369 135.359026739159,33.9924785761099 135.359284564644,33.9924273368096 135.359429135223,33.9924011046998 135.359566610656,33.99255994414 135.359696943593,33.9927851753289 135.359875649418,33.9929414421494 135.35992754063,33.9930871043411 135.359983833158,33.9931758893553 135.360062852521,33.9932909389944 135.360198024755,33.9934687246114 135.360530218533,33.9938419844342 135.360561993464,33.9937258060794 135.36060286457,33.9935510267351 135.360594000646,33.9934656170685 135.360554000577,33.993393949163 135.360481421498,33.9933740251916 135.360352041582,33.9933621087152 135.360265541391,33.9932774953823 135.360272784643,33.993176011851 135.360335096856,33.9930204219528 135.360395371746,33.9929662344352 135.360670721429,33.9928619339476 135.360785427724,33.9927791228429 135.360835809793,33.9926958972225 135.360890277683,33.9925917377871 135.360778153478,33.9923585610635 135.360726413266,33.9922720901212 135.360699065126,33.9922093489303 135.360500938032,33.9920333734107 135.360438261502,33.9921134875791 135.360419920909,33.9921804001496 135.360346965111,33.9922471450801 135.360244466803,33.9922273890871 135.360086629565,33.9922013603572 135.360025584192,33.9921910350518 135.359986102391,33.9921240110933 135.36004879029,33.9919861307172 135.360140724805,33.9919491662862 135.360140345554,33.9918091537347 135.360204834132,33.9918008066911 135.360114559409,33.9916205668985 135.359993892874,33.9916131961715 135.359926115366,33.9916447332146 135.359792317122,33.9916377880481 135.359723205419,33.9916349129273 135.359605773251,33.991656814715 135.359572878363,33.9917131558606 135.359376551586,33.9916062586885 135.359198556762,33.9915649850742 135.359192922559,33.9916277441482 135.359101634187,33.9918871552177 135.359068887145,33.9919742046324 135.359019394187,33.9920902091722 135.358928946292,33.9922258968277 135.358482910712,33.9922221662578</coordinates></LinearRing></outerBoundaryIs></Polygon></MultiGeometry>
  </Placemark>
  <Placemark>
	<Style><LineStyle><color>ff0000ff</color></LineStyle><PolyStyle><fill>0</fill></PolyStyle></Style>
	<ExtendedData><SchemaData schemaUrl="#c392_hidakagunhidakagawachou">
		<SimpleData name="市町村">日高川町</SimpleData>
		<SimpleData name="大字">大字弥谷</SimpleData>
		<SimpleData name="字">字幸中</SimpleData>
		<SimpleData name="q_kyouyuushakanrenjouhou_tkigo"></SimpleData>
		<SimpleData name="地番">268-1</SimpleData>
		<SimpleData name="地目">保安林</SimpleData>
		<SimpleData name="面積">3.7838</SimpleData>
		<SimpleData name="乙区分">有</SimpleData>
		<SimpleData name="共有者数">0</SimpleData>
		<SimpleData name="登記年月日">2014/11/28</SimpleData>
		<SimpleData name="q_kyouyuushakanrenjouhou_keyno"></SimpleData>
		<SimpleData name="持ち分"></SimpleData>
	</SchemaData></ExtendedData>
      <MultiGeometry><Polygon><outerBoundaryIs><LinearRing><coordinates>135.360829797596,33.9943863050868 135.360871387467,33.9942762553461 135.360918118058,33.9941488133602 135.360917809228,33.9939717643459 135.360925649415,33.9938469874122 135.36097550751,33.993695020056 135.361009644245,33.9935682059363 135.361051139511,33.9935007842315 135.361146361514,33.9934168158325 135.361236794784,33.9933261785949 135.361285032152,33.993217246026 135.361320794343,33.9929989637787 135.361321634515,33.9929112702837 135.36131403763,33.9928110800705 135.361375296478,33.9926398873526 135.361376177484,33.9925133070954 135.361376117469,33.9923882267237 135.361286161571,33.9923081762922 135.361150529496,33.9921888754285 135.361119303475,33.9921047832042 135.361086601856,33.9919589858213 135.361076951685,33.9918643306678 135.360964509008,33.9917736586601 135.360928323167,33.9917376410592 135.360936801447,33.9916114518787 135.360949739328,33.9915430794157 135.360899726562,33.9914294793049 135.360816358749,33.9913096471253 135.360672833132,33.9911087900257 135.36059416725,33.9910910623529 135.360506711766,33.9910877127647 135.360348836493,33.9911016972561 135.360146845149,33.9911371428451 135.359994110488,33.9911900478009 135.359897687852,33.9912149091248 135.359693859909,33.9912208259799 135.359454957463,33.9911696697429 135.359348316486,33.9912783714463 135.359289400076,33.9913722810848 135.359245025844,33.9914508769969 135.359198556762,33.9915649850742 135.359376551586,33.9916062586885 135.359572878363,33.9917131558606 135.359605773251,33.991656814715 135.359723205419,33.9916349129273 135.359792317122,33.9916377880481 135.359926115366,33.9916447332146 135.359993892874,33.9916131961715 135.360114559409,33.9916205668985 135.360204834132,33.9918008066911 135.360140345554,33.9918091537347 135.360140724805,33.9919491662862 135.36004879029,33.9919861307172 135.359986102391,33.9921240110933 135.360025584192,33.9921910350518 135.360086629565,33.9922013603572 135.360244466803,33.9922273890871 135.360346965111,33.9922471450801 135.360419920909,33.9921804001496 135.360438261502,33.9921134875791 135.360500938032,33.9920333734107 135.360699065126,33.9922093489303 135.360726413266,33.9922720901212 135.360778153478,33.9923585610635 135.360890277683,33.9925917377871 135.360835809793,33.9926958972225 135.360785427724,33.9927791228429 135.360670721429,33.9928619339476 135.360395371746,33.9929662344352 135.360335096856,33.9930204219528 135.360272784643,33.993176011851 135.360265541391,33.9932774953823 135.360352041582,33.9933621087152 135.360481421498,33.9933740251916 135.360554000577,33.993393949163 135.360594000646,33.9934656170685 135.36060286457,33.9935510267351 135.360561993464,33.9937258060794 135.360530218533,33.9938419844342 135.360198024755,33.9934687246114 135.360062852521,33.9932909389944 135.359983833158,33.9931758893553 135.35992754063,33.9930871043411 135.359875649418,33.9929414421494 135.359696943593,33.9927851753289 135.359566610656,33.99255994414 135.359429135223,33.9924011046998 135.359284564644,33.9924273368096 135.359026739159,33.9924785761099 135.35885349252,33.9925210043369 135.358760200341,33.992590129849 135.358588973852,33.9925408492445 135.358576105031,33.9927669929811 135.358620414752,33.9928999847545 135.358746858288,33.9930751307393 135.358878012477,33.9932223965869 135.358946731153,33.9932663840534 135.3590799642,33.9933042422092 135.359355351262,33.9932889148822 135.359420437071,33.9932933109932 135.359515343049,33.9933511739924 135.359579640759,33.9934114210076 135.35966383959,33.9935027577996 135.359784883395,33.9935337807268 135.359920078515,33.9936145202207 135.360165777063,33.9938460311451 135.360264387549,33.9939324385915 135.360344547348,33.993985293416 135.360512831875,33.9941154118828 135.360698713911,33.9942808209735 135.36075362863,33.9943267282399 135.360829797596,33.9943863050868</coordinates></LinearRing></outerBoundaryIs></Polygon></MultiGeometry>
  </Placemark>
  <Placemark>
	<Style><LineStyle><color>ff0000ff</color></LineStyle><PolyStyle><fill>0</fill></PolyStyle></Style>
	<ExtendedData><SchemaData schemaUrl="#c392_hidakagunhidakagawachou">
		<SimpleData name="市町村">日高川町</SimpleData>
		<SimpleData name="大字">大字弥谷</SimpleData>
		<SimpleData name="字">字東又</SimpleData>
		<SimpleData name="q_kyouyuushakanrenjouhou_tkigo"></SimpleData>
		<SimpleData name="地番">257-8</SimpleData>
		<SimpleData name="地目">保安林</SimpleData>
		<SimpleData name="面積">9.3769</SimpleData>
		<SimpleData name="乙区分">有</SimpleData>
		<SimpleData name="共有者数">0</SimpleData>
		<SimpleData name="登記年月日">2014/11/28</SimpleData>
		<SimpleData name="q_kyouyuushakanrenjouhou_keyno"></SimpleData>
		<SimpleData name="持ち分"></SimpleData>
	</SchemaData></ExtendedData>
      <MultiGeometry><Polygon><outerBoundaryIs><LinearRing><coordinates>135.360672833132,33.9911087900257 135.360816358749,33.9913096471253 135.360899726562,33.9914294793049 135.360949739328,33.9915430794157 135.360936801447,33.9916114518787 135.360928323167,33.9917376410592 135.360964509008,33.9917736586601 135.361076951685,33.9918643306678 135.361086601856,33.9919589858213 135.361119303475,33.9921047832042 135.361150529496,33.9921888754285 135.361286161571,33.9923081762922 135.361376117469,33.9923882267237 135.361376177484,33.9925133070954 135.361375296478,33.9926398873526 135.36131403763,33.9928110800705 135.361321634515,33.9929112702837 135.361320794343,33.9929989637787 135.361285032152,33.993217246026 135.361236794784,33.9933261785949 135.361146361514,33.9934168158325 135.361051139511,33.9935007842315 135.361009644245,33.9935682059363 135.36097550751,33.993695020056 135.360925649415,33.9938469874122 135.360917809228,33.9939717643459 135.360918118058,33.9941488133602 135.360871387467,33.9942762553461 135.360829797596,33.9943863050868 135.360823398089,33.9944387900998 135.360841123461,33.9945014713348 135.360874294129,33.9947308387586 135.361038603297,33.9948776803862 135.361126158518,33.9948274470872 135.361335756706,33.9948138843448 135.361421152872,33.9949539576847 135.361751585522,33.9950488889336 135.361864780442,33.9951021747141 135.361759693838,33.9952384123687 135.361737163438,33.995271013679 135.361907690657,33.9952566981836 135.362037848129,33.9952114898283 135.362142714346,33.9951610209982 135.362304801642,33.9950593140808 135.362390407519,33.9949498697473 135.362495273821,33.9948268577873 135.362278720386,33.9947819807341 135.362340906051,33.9944589979218 135.36252105306,33.9943566080241 135.362676379615,33.9942714270719 135.362763080345,33.9941965392908 135.362849804152,33.9941009940789 135.362894182003,33.9940316662689 135.362962040612,33.9939400633517 135.363019620504,33.993898760706 135.363190378493,33.9938126410786 135.363326361837,33.99374771732 135.36313159969,33.9937099960507 135.362979006854,33.993734963882 135.362770229822,33.9937360645525 135.362660459481,33.9938593939825 135.362673960822,33.993953168245 135.362603968339,33.99403477922 135.362401635906,33.9940742117671 135.362155686076,33.9940524263307 135.362364515794,33.9939152753576 135.3623954227,33.9938380240595 135.362464420778,33.993750573786 135.362466170421,33.9936411023128 135.362550214443,33.9935028706259 135.36267919941,33.993335804968 135.362760447372,33.9932153400241 135.362879629503,33.9931809030262 135.362656249083,33.9929897236039 135.362578325526,33.992873752633 135.3626025438,33.9927715382345 135.362673559423,33.992695115844 135.362844738509,33.9927247193931 135.363058955478,33.9926486235858 135.363157899052,33.992638514929 135.362941842922,33.9924940507365 135.362830120654,33.9924107511416 135.362721173329,33.9924169840267 135.362435746799,33.9924275506088 135.362054812644,33.9923101619333 135.362040179462,33.9922491918934 135.362249263108,33.9920864639323 135.362351246202,33.9920127997544 135.362460452813,33.9918993230366 135.362680041653,33.9917673392781 135.362819927635,33.9916910760764 135.363005965271,33.9914774131712 135.363202839336,33.9913082460063 135.363306780905,33.9911907552791 135.363419108314,33.9910796911898 135.363496415359,33.9909748922738 135.363551052184,33.9909244318779 135.363656112204,33.990839874026 135.363371912605,33.9907969481153 135.363306241286,33.9908423997324 135.36318985387,33.9909536230297 135.362927294766,33.9910844124071 135.363038296836,33.9909521361311 135.363277102871,33.9906347822601 135.363366041701,33.9904912918675 135.363471119122,33.9904625614393 135.363552151346,33.9904024471008 135.363832066753,33.9902383958495 135.363897062196,33.9901690840628 135.363520292743,33.989987625687 135.363424295543,33.9899486396499 135.363446395577,33.9898631559112 135.363404021067,33.9897819097039 135.363277558106,33.9897249601785 135.363250773233,33.9896315409248 135.363059388466,33.9896587172285 135.362989579314,33.98958864305 135.362939770205,33.9895129490232 135.363185207511,33.989514804772 135.363241149534,33.9894690504021 135.363235690418,33.9894348956137 135.363277093022,33.9893635677721 135.363346086693,33.9892178932381 135.36344467454,33.9891752607941 135.363491419342,33.9891364641683 135.363435837649,33.9891133300147 135.363334731332,33.9891195138808 135.363202222481,33.9890764528257 135.363072101199,33.9890401028912 135.362999935508,33.9890114640602 135.362898422344,33.9890301164205 135.362866195179,33.9890467283496 135.362767217499,33.9890141088083 135.362628272236,33.9889954030355 135.362553266916,33.9889745480899 135.362553601358,33.9891183463169 135.362552700499,33.9892315999819 135.362588471333,33.9893160490219 135.362609785085,33.9894506342664 135.362646695207,33.9896346170204 135.362537813521,33.9898295202115 135.362355528446,33.9899673050901 135.362224688278,33.9900471850347 135.362113131012,33.9901233871035 135.362001204681,33.9902386616728 135.361938099578,33.9903098684015 135.361873833119,33.990362809835 135.36171410163,33.9904760068269 135.361589968095,33.9905535135984 135.361491526412,33.9906270612098 135.361376512721,33.9906932810569 135.361300218839,33.9907231157163 135.36116440272,33.990751676563 135.36102370547,33.9907860912525 135.360943098571,33.9908294453443 135.3607660846,33.990970959876 135.360694770917,33.9910627239924 135.360672833132,33.9911087900257</coordinates></LinearRing></outerBoundaryIs></Polygon></MultiGeometry>
  </Placemark>
  <Placemark>
	<Style><LineStyle><color>ff0000ff</color></LineStyle><PolyStyle><fill>0</fill></PolyStyle></Style>
	<ExtendedData><SchemaData schemaUrl="#c392_hidakagunhidakagawachou">
		<SimpleData name="市町村">日高川町</SimpleData>
		<SimpleData name="大字">大字弥谷</SimpleData>
		<SimpleData name="字">字東又</SimpleData>
		<SimpleData name="q_kyouyuushakanrenjouhou_tkigo"></SimpleData>
		<SimpleData name="地番">258</SimpleData>
		<SimpleData name="地目">保安林</SimpleData>
		<SimpleData name="面積">3.3724</SimpleData>
		<SimpleData name="乙区分"></SimpleData>
		<SimpleData name="共有者数">0</SimpleData>
		<SimpleData name="登記年月日">2014/11/28</SimpleData>
		<SimpleData name="q_kyouyuushakanrenjouhou_keyno"></SimpleData>
		<SimpleData name="持ち分"></SimpleData>
	</SchemaData></ExtendedData>
      <MultiGeometry><Polygon><outerBoundaryIs><LinearRing><coordinates>135.360672833132,33.9911087900257 135.360694770917,33.9910627239924 135.3607660846,33.990970959876 135.360943098571,33.9908294453443 135.36102370547,33.9907860912525 135.36116440272,33.990751676563 135.361300218839,33.9907231157163 135.361376512721,33.9906932810569 135.361491526412,33.9906270612098 135.361589968095,33.9905535135984 135.36171410163,33.9904760068269 135.361873833119,33.990362809835 135.361938099578,33.9903098684015 135.362001204681,33.9902386616728 135.362113131012,33.9901233871035 135.362224688278,33.9900471850347 135.362355528446,33.9899673050901 135.362537813521,33.9898295202115 135.362646695207,33.9896346170204 135.362609785085,33.9894506342664 135.362588471333,33.9893160490219 135.362552700499,33.9892315999819 135.362553601358,33.9891183463169 135.362553266916,33.9889745480899 135.362463992815,33.9888310644077 135.362326014325,33.9887280436854 135.362182991207,33.9886684908386 135.362062243593,33.9885942850858 135.362015633532,33.9885789415715 135.361896314455,33.9885758983935 135.361814709286,33.9885216134335 135.36178483946,33.9884457140118 135.361668580194,33.9883289223477 135.361595261374,33.9882014791667 135.361558502659,33.9881682708624 135.361526777247,33.9881917561558 135.361417420552,33.9882762899319 135.361353526883,33.988389379822 135.36129300235,33.9884443248244 135.36126716822,33.9885135058682 135.361222172225,33.9886251610651 135.361168267372,33.9887484998265 135.361094849546,33.9888410106423 135.361055729552,33.9889253056185 135.361022988827,33.9890553178768 135.360964201519,33.9891541256423 135.360942542864,33.9892423710261 135.360938920537,33.9893504722993 135.360916635055,33.9894732800283 135.360872983898,33.9895973120357 135.360794095835,33.9897785659426 135.360748182117,33.9899173462641 135.360694630551,33.9900408570214 135.36065705104,33.9901637222578 135.360625365694,33.990317279779 135.360603681372,33.9905101639305 135.360597978734,33.9906138554431 135.360609185472,33.9906711293209 135.360632975199,33.9907856120962 135.360664042151,33.990876365563 135.360670426757,33.9910137216719 135.360672833132,33.9911087900257</coordinates></LinearRing></outerBoundaryIs></Polygon></MultiGeometry>
  </Placemark>
  <Placemark>
	<Style><LineStyle><color>ff0000ff</color></LineStyle><PolyStyle><fill>0</fill></PolyStyle></Style>
	<ExtendedData><SchemaData schemaUrl="#c392_hidakagunhidakagawachou">
		<SimpleData name="市町村">日高川町</SimpleData>
		<SimpleData name="大字">大字弥谷</SimpleData>
		<SimpleData name="字">字東又</SimpleData>
		<SimpleData name="q_kyouyuushakanrenjouhou_tkigo"></SimpleData>
		<SimpleData name="地番">257-15</SimpleData>
		<SimpleData name="地目">保安林</SimpleData>
		<SimpleData name="面積">0.3607</SimpleData>
		<SimpleData name="乙区分"></SimpleData>
		<SimpleData name="共有者数">0</SimpleData>
		<SimpleData name="登記年月日">2014/11/28</SimpleData>
		<SimpleData name="q_kyouyuushakanrenjouhou_keyno"></SimpleData>
		<SimpleData name="持ち分"></SimpleData>
	</SchemaData></ExtendedData>
      <MultiGeometry><Polygon><outerBoundaryIs><LinearRing><coordinates>135.362927294766,33.9910844124071 135.36318985387,33.9909536230297 135.363306241286,33.9908423997324 135.363371912605,33.9907969481153 135.363558523354,33.9906961488977 135.363720487485,33.9906589660799 135.363985466365,33.9906332250072 135.364024107297,33.9906071430624 135.364094196622,33.9904451268569 135.364138151134,33.9903728030329 135.364154016393,33.9902874131706 135.364152991732,33.9901981402731 135.364106307329,33.9901112370209 135.364065329915,33.9901370093897 135.364029414212,33.9901476059998 135.363978272309,33.9901387682991 135.363897062196,33.9901690840628 135.363832066753,33.9902383958495 135.363552151346,33.9904024471008 135.363471119122,33.9904625614393 135.363366041701,33.9904912918675 135.363277102871,33.9906347822601 135.363038296836,33.9909521361311 135.362927294766,33.9910844124071</coordinates></LinearRing></outerBoundaryIs></Polygon></MultiGeometry>
  </Placemark>
  <Placemark>
	<Style><LineStyle><color>ff0000ff</color></LineStyle><PolyStyle><fill>0</fill></PolyStyle></Style>
	<ExtendedData><SchemaData schemaUrl="#c392_hidakagunhidakagawachou">
		<SimpleData name="市町村">日高川町</SimpleData>
		<SimpleData name="大字">大字弥谷</SimpleData>
		<SimpleData name="字">字東又</SimpleData>
		<SimpleData name="q_kyouyuushakanrenjouhou_tkigo"></SimpleData>
		<SimpleData name="地番">70</SimpleData>
		<SimpleData name="地目">山林</SimpleData>
		<SimpleData name="面積">0.2167</SimpleData>
		<SimpleData name="乙区分"></SimpleData>
		<SimpleData name="共有者数">0</SimpleData>
		<SimpleData name="登記年月日">2014/11/28</SimpleData>
		<SimpleData name="q_kyouyuushakanrenjouhou_keyno"></SimpleData>
		<SimpleData name="持ち分"></SimpleData>
	</SchemaData></ExtendedData>
      <MultiGeometry><Polygon><outerBoundaryIs><LinearRing><coordinates>135.364175908186,33.9900715466738 135.364270237166,33.9901865024002 135.364220373855,33.9903502731686 135.364204317165,33.9904004806437 135.364212559175,33.9904957242768 135.364129201175,33.9906036570084 135.364081153118,33.9906705780062 135.364156839535,33.990803539813 135.364078045907,33.9909829209836 135.364046363727,33.9910730526376 135.364076993731,33.9910674948062 135.364150633682,33.99094775501 135.364200710058,33.9909632598894 135.364273700814,33.9908389464414 135.364321469526,33.9907675240319 135.364342206624,33.9907501500165 135.364363640762,33.9907090836997 135.364400565495,33.9906621387195 135.364436507901,33.9906072725889 135.364473522704,33.9905277180134 135.364501686913,33.990343017077 135.364438674253,33.9901463488363 135.364362208555,33.9900408730063 135.364175908186,33.9900715466738</coordinates></LinearRing></outerBoundaryIs></Polygon></MultiGeometry>
  </Placemark>
  <Placemark>
	<Style><LineStyle><color>ff0000ff</color></LineStyle><PolyStyle><fill>0</fill></PolyStyle></Style>
	<ExtendedData><SchemaData schemaUrl="#c392_hidakagunhidakagawachou">
		<SimpleData name="市町村">日高川町</SimpleData>
		<SimpleData name="大字">大字弥谷</SimpleData>
		<SimpleData name="字">字東又</SimpleData>
		<SimpleData name="q_kyouyuushakanrenjouhou_tkigo"></SimpleData>
		<SimpleData name="地番">255</SimpleData>
		<SimpleData name="地目">保安林</SimpleData>
		<SimpleData name="面積">2.1772</SimpleData>
		<SimpleData name="乙区分"></SimpleData>
		<SimpleData name="共有者数">0</SimpleData>
		<SimpleData name="登記年月日">2014/11/28</SimpleData>
		<SimpleData name="q_kyouyuushakanrenjouhou_keyno"></SimpleData>
		<SimpleData name="持ち分"></SimpleData>
	</SchemaData></ExtendedData>
      <MultiGeometry><Polygon><outerBoundaryIs><LinearRing><coordinates>135.36354254173,33.9895890352922 135.363550340645,33.989607133821 135.363728802592,33.9897568401203 135.363992002337,33.9899404679252 135.364175908186,33.9900715466738 135.364362208555,33.9900408730063 135.364438674253,33.9901463488363 135.364501686913,33.990343017077 135.364473522704,33.9905277180134 135.364436507901,33.9906072725889 135.364621078583,33.9907132985905 135.364771106355,33.9907836589234 135.364960807466,33.9908708953775 135.36532177535,33.9909976289703 135.365614826387,33.9910599182555 135.365649871456,33.9909656471414 135.36572340286,33.9908746299624 135.365773525841,33.9908094500899 135.365866115835,33.9907290626786 135.365952415764,33.9906692362695 135.366074616446,33.9906069251396 135.366145832029,33.990550868906 135.366216495923,33.9905077306462 135.366380124765,33.9904080808892 135.366480096418,33.9903554471672 135.366691349604,33.9902337897679 135.366801470176,33.9901947591007 135.366626883093,33.9901331997634 135.366531879506,33.9901100452752 135.366349470199,33.9900700927359 135.366168313898,33.9900098080432 135.3660682684,33.9899837952915 135.365949691662,33.9899386631567 135.365776115455,33.9898986840645 135.365630473387,33.9898559627335 135.365399772122,33.9898489486562 135.365279228528,33.9898240016176 135.365121132465,33.9898097249928 135.365001626293,33.9898055379143 135.364835936355,33.9897602697335 135.36461709844,33.9897096147864 135.364434786923,33.9896651978933 135.364278801869,33.9896772398387 135.364048524062,33.9896470281022 135.363838859911,33.9895955257051 135.363752464414,33.9895753248584 135.36366049653,33.9895865339902 135.36354254173,33.9895890352922</coordinates></LinearRing></outerBoundaryIs></Polygon></MultiGeometry>
  </Placemark>
  <Placemark>
	<Style><LineStyle><color>ff0000ff</color></LineStyle><PolyStyle><fill>0</fill></PolyStyle></Style>
	<ExtendedData><SchemaData schemaUrl="#c392_hidakagunhidakagawachou">
		<SimpleData name="市町村">日高川町</SimpleData>
		<SimpleData name="大字">大字弥谷</SimpleData>
		<SimpleData name="字">字東又</SimpleData>
		<SimpleData name="q_kyouyuushakanrenjouhou_tkigo"></SimpleData>
		<SimpleData name="地番">80</SimpleData>
		<SimpleData name="地目">山林</SimpleData>
		<SimpleData name="面積">0.1179</SimpleData>
		<SimpleData name="乙区分"></SimpleData>
		<SimpleData name="共有者数">0</SimpleData>
		<SimpleData name="登記年月日">2014/11/28</SimpleData>
		<SimpleData name="q_kyouyuushakanrenjouhou_keyno"></SimpleData>
		<SimpleData name="持ち分"></SimpleData>
	</SchemaData></ExtendedData>
      <MultiGeometry><Polygon><outerBoundaryIs><LinearRing><coordinates>135.363424295543,33.9899486396499 135.363520292743,33.989987625687 135.363897062196,33.9901690840628 135.363978272309,33.9901387682991 135.364029414212,33.9901476059998 135.364065329915,33.9901370093897 135.364106307329,33.9901112370209 135.363993530507,33.9900344858553 135.363838263249,33.9898979649869 135.363680880619,33.989821390411 135.363553147787,33.9897663270625 135.363538963788,33.9898671420394 135.363424295543,33.9899486396499</coordinates></LinearRing></outerBoundaryIs></Polygon></MultiGeometry>
  </Placemark>
  <Placemark>
	<Style><LineStyle><color>ff0000ff</color></LineStyle><PolyStyle><fill>0</fill></PolyStyle></Style>
	<ExtendedData><SchemaData schemaUrl="#c392_hidakagunhidakagawachou">
		<SimpleData name="市町村">日高川町</SimpleData>
		<SimpleData name="大字">大字弥谷</SimpleData>
		<SimpleData name="字">字東又</SimpleData>
		<SimpleData name="q_kyouyuushakanrenjouhou_tkigo"></SimpleData>
		<SimpleData name="地番">257-7</SimpleData>
		<SimpleData name="地目">保安林</SimpleData>
		<SimpleData name="面積">0.0509</SimpleData>
		<SimpleData name="乙区分"></SimpleData>
		<SimpleData name="共有者数">0</SimpleData>
		<SimpleData name="登記年月日">2014/11/28</SimpleData>
		<SimpleData name="q_kyouyuushakanrenjouhou_keyno"></SimpleData>
		<SimpleData name="持ち分"></SimpleData>
	</SchemaData></ExtendedData>
      <MultiGeometry><Polygon><outerBoundaryIs><LinearRing><coordinates>135.362553266916,33.9889745480899 135.362628272236,33.9889954030355 135.362767217499,33.9890141088083 135.362866195179,33.9890467283496 135.362898422344,33.9890301164205 135.362874400618,33.9889405711445 135.362753284669,33.9888867223324 135.362720473045,33.9888672310536 135.362606153435,33.9888425300277 135.362463992815,33.9888310644077 135.362553266916,33.9889745480899</coordinates></LinearRing></outerBoundaryIs></Polygon></MultiGeometry>
  </Placemark>
  <Placemark>
	<Style><LineStyle><color>ff0000ff</color></LineStyle><PolyStyle><fill>0</fill></PolyStyle></Style>
	<ExtendedData><SchemaData schemaUrl="#c392_hidakagunhidakagawachou">
		<SimpleData name="市町村">日高川町</SimpleData>
		<SimpleData name="大字">大字弥谷</SimpleData>
		<SimpleData name="字">字東又</SimpleData>
		<SimpleData name="q_kyouyuushakanrenjouhou_tkigo"></SimpleData>
		<SimpleData name="地番">82</SimpleData>
		<SimpleData name="地目">山林</SimpleData>
		<SimpleData name="面積">0.1526</SimpleData>
		<SimpleData name="乙区分"></SimpleData>
		<SimpleData name="共有者数">0</SimpleData>
		<SimpleData name="登記年月日">2014/11/28</SimpleData>
		<SimpleData name="q_kyouyuushakanrenjouhou_keyno"></SimpleData>
		<SimpleData name="持ち分"></SimpleData>
	</SchemaData></ExtendedData>
      <MultiGeometry><Polygon><outerBoundaryIs><LinearRing><coordinates>135.362898422344,33.9890301164205 135.362999935508,33.9890114640602 135.363072101199,33.9890401028912 135.363202222481,33.9890764528257 135.363334731332,33.9891195138808 135.363435837649,33.9891133300147 135.363491419342,33.9891364641683 135.363553692271,33.9890894792586 135.363601311873,33.9890594939636 135.363597031511,33.989036931773 135.363523201893,33.9889557582091 135.363368547537,33.9889115810896 135.363333332008,33.9889689850879 135.363245302916,33.9889310760853 135.36324905649,33.9888517103557 135.363096613257,33.9887663961246 135.362987776533,33.9887218786735 135.362957943109,33.9887790390484 135.362936954862,33.9887688874307 135.362910914896,33.9888281050559 135.362899265278,33.988840296602 135.362874400618,33.9889405711445 135.362898422344,33.9890301164205</coordinates></LinearRing></outerBoundaryIs></Polygon></MultiGeometry>
  </Placemark>
  <Placemark>
	<Style><LineStyle><color>ff0000ff</color></LineStyle><PolyStyle><fill>0</fill></PolyStyle></Style>
	<ExtendedData><SchemaData schemaUrl="#c392_hidakagunhidakagawachou">
		<SimpleData name="市町村">日高川町</SimpleData>
		<SimpleData name="大字">大字弥谷</SimpleData>
		<SimpleData name="字">字東又</SimpleData>
		<SimpleData name="q_kyouyuushakanrenjouhou_tkigo"></SimpleData>
		<SimpleData name="地番">81</SimpleData>
		<SimpleData name="地目">山林</SimpleData>
		<SimpleData name="面積">0.0085</SimpleData>
		<SimpleData name="乙区分"></SimpleData>
		<SimpleData name="共有者数">0</SimpleData>
		<SimpleData name="登記年月日">2014/11/28</SimpleData>
		<SimpleData name="q_kyouyuushakanrenjouhou_keyno"></SimpleData>
		<SimpleData name="持ち分"></SimpleData>
	</SchemaData></ExtendedData>
      <MultiGeometry><Polygon><outerBoundaryIs><LinearRing><coordinates>135.363394995786,33.9888714532955 135.363608647479,33.9889337052303 135.363609686148,33.9889177883108 135.363427136613,33.9888170447208 135.363394995786,33.9888714532955</coordinates></LinearRing></outerBoundaryIs></Polygon></MultiGeometry>
  </Placemark>
  <Placemark>
	<Style><LineStyle><color>ff0000ff</color></LineStyle><PolyStyle><fill>0</fill></PolyStyle></Style>
	<ExtendedData><SchemaData schemaUrl="#c392_hidakagunhidakagawachou">
		<SimpleData name="市町村">日高川町</SimpleData>
		<SimpleData name="大字">大字弥谷</SimpleData>
		<SimpleData name="字">字東又</SimpleData>
		<SimpleData name="q_kyouyuushakanrenjouhou_tkigo"></SimpleData>
		<SimpleData name="地番">67</SimpleData>
		<SimpleData name="地目">山林</SimpleData>
		<SimpleData name="面積">0.3479</SimpleData>
		<SimpleData name="乙区分"></SimpleData>
		<SimpleData name="共有者数">0</SimpleData>
		<SimpleData name="登記年月日">2014/11/28</SimpleData>
		<SimpleData name="q_kyouyuushakanrenjouhou_keyno"></SimpleData>
		<SimpleData name="持ち分"></SimpleData>
	</SchemaData></ExtendedData>
      <MultiGeometry><Polygon><outerBoundaryIs><LinearRing><coordinates>135.363505628654,33.9894516466657 135.363650260598,33.9894873408988 135.363689882794,33.9895038107232 135.363700713565,33.989483996332 135.363734033886,33.9894615826205 135.363926128705,33.9893737410372 135.364003151879,33.9893212791909 135.364083380913,33.989243830638 135.364113052879,33.9891764449894 135.364166205414,33.9890985057122 135.364158710158,33.9890105607773 135.364134384332,33.9889371077641 135.364110110626,33.9888884860376 135.364110915173,33.9888009617645 135.364084379392,33.9887786370899 135.364000382766,33.9888474089933 135.363876367724,33.9888716980649 135.363809144146,33.9887872670753 135.363715079639,33.9887836430756 135.36367588684,33.9887096081884 135.363625216572,33.9886753728502 135.363496002291,33.9887047007499 135.363502887664,33.9887420987592 135.363454098084,33.9887751434124 135.363427136613,33.9888170447208 135.363609686148,33.9889177883108 135.363608647479,33.9889337052303 135.363665084562,33.9889898955589 135.36368049379,33.9890615543404 135.363650751622,33.9892123728685 135.363636809768,33.9892226520513 135.363623287133,33.989256697826 135.363586091218,33.9892661435555 135.363509165358,33.9892982673061 135.363466228746,33.9893763402903 135.363505628654,33.9894516466657</coordinates></LinearRing></outerBoundaryIs></Polygon></MultiGeometry>
  </Placemark>
  <Placemark>
	<Style><LineStyle><color>ff0000ff</color></LineStyle><PolyStyle><fill>0</fill></PolyStyle></Style>
	<ExtendedData><SchemaData schemaUrl="#c392_hidakagunhidakagawachou">
		<SimpleData name="市町村">日高川町</SimpleData>
		<SimpleData name="大字">大字弥谷</SimpleData>
		<SimpleData name="字">字東又</SimpleData>
		<SimpleData name="q_kyouyuushakanrenjouhou_tkigo"></SimpleData>
		<SimpleData name="地番">257-14</SimpleData>
		<SimpleData name="地目">保安林</SimpleData>
		<SimpleData name="面積">0.1604</SimpleData>
		<SimpleData name="乙区分"></SimpleData>
		<SimpleData name="共有者数">0</SimpleData>
		<SimpleData name="登記年月日">2014/11/28</SimpleData>
		<SimpleData name="q_kyouyuushakanrenjouhou_keyno"></SimpleData>
		<SimpleData name="持ち分"></SimpleData>
	</SchemaData></ExtendedData>
      <MultiGeometry><Polygon><outerBoundaryIs><LinearRing><coordinates>135.363424295543,33.9899486396499 135.363538963788,33.9898671420394 135.363553147787,33.9897663270625 135.363368461491,33.9894528853424 135.363435049223,33.9892642090273 135.363544672262,33.9891829097923 135.363596974136,33.989088331807 135.363601311873,33.9890594939636 135.363553692271,33.9890894792586 135.363491419342,33.9891364641683 135.36344467454,33.9891752607941 135.363346086693,33.9892178932381 135.363277093022,33.9893635677721 135.363235690418,33.9894348956137 135.363241149534,33.9894690504021 135.363185207511,33.989514804772 135.362939770205,33.9895129490232 135.362989579314,33.98958864305 135.363059388466,33.9896587172285 135.363250773233,33.9896315409248 135.363277558106,33.9897249601785 135.363404021067,33.9897819097039 135.363446395577,33.9898631559112 135.363424295543,33.9899486396499</coordinates></LinearRing></outerBoundaryIs></Polygon></MultiGeometry>
  </Placemark>
  <Placemark>
	<Style><LineStyle><color>ff0000ff</color></LineStyle><PolyStyle><fill>0</fill></PolyStyle></Style>
	<ExtendedData><SchemaData schemaUrl="#c392_hidakagunhidakagawachou">
		<SimpleData name="市町村">日高川町</SimpleData>
		<SimpleData name="大字">大字弥谷</SimpleData>
		<SimpleData name="字">字東又</SimpleData>
		<SimpleData name="q_kyouyuushakanrenjouhou_tkigo"></SimpleData>
		<SimpleData name="地番">254-2</SimpleData>
		<SimpleData name="地目">山林</SimpleData>
		<SimpleData name="面積">0.0321</SimpleData>
		<SimpleData name="乙区分"></SimpleData>
		<SimpleData name="共有者数">0</SimpleData>
		<SimpleData name="登記年月日">2014/11/28</SimpleData>
		<SimpleData name="q_kyouyuushakanrenjouhou_keyno"></SimpleData>
		<SimpleData name="持ち分"></SimpleData>
	</SchemaData></ExtendedData>
      <MultiGeometry><Polygon><outerBoundaryIs><LinearRing><coordinates>135.364283935565,33.9893672153577 135.364113052879,33.9891764449894 135.364083380913,33.989243830638 135.364003151879,33.9893212791909 135.363926128705,33.9893737410372 135.364112022528,33.9893758019017 135.364283935565,33.9893672153577</coordinates></LinearRing></outerBoundaryIs></Polygon></MultiGeometry>
  </Placemark>
  <Placemark>
	<Style><LineStyle><color>ff0000ff</color></LineStyle><PolyStyle><fill>0</fill></PolyStyle></Style>
	<ExtendedData><SchemaData schemaUrl="#c392_hidakagunhidakagawachou">
		<SimpleData name="市町村">日高川町</SimpleData>
		<SimpleData name="大字">大字弥谷</SimpleData>
		<SimpleData name="字">字東又</SimpleData>
		<SimpleData name="q_kyouyuushakanrenjouhou_tkigo"></SimpleData>
		<SimpleData name="地番">254</SimpleData>
		<SimpleData name="地目">保安林</SimpleData>
		<SimpleData name="面積">1.7614</SimpleData>
		<SimpleData name="乙区分"></SimpleData>
		<SimpleData name="共有者数">0</SimpleData>
		<SimpleData name="登記年月日">2014/11/28</SimpleData>
		<SimpleData name="q_kyouyuushakanrenjouhou_keyno"></SimpleData>
		<SimpleData name="持ち分"></SimpleData>
	</SchemaData></ExtendedData>
      <MultiGeometry><Polygon><outerBoundaryIs><LinearRing><coordinates>135.363505628654,33.9894516466657 135.363513718411,33.989531048421 135.36354254173,33.9895890352922 135.36366049653,33.9895865339902 135.363752464414,33.9895753248584 135.363838859911,33.9895955257051 135.364048524062,33.9896470281022 135.364278801869,33.9896772398387 135.364434786923,33.9896651978933 135.36461709844,33.9897096147864 135.366720007862,33.9888729237617 135.366695727336,33.9887275596769 135.36658969754,33.9885305907899 135.366404139865,33.9884528458999 135.366337825242,33.9884804360216 135.366243260141,33.9885225496612 135.366143109082,33.9885501997976 135.366021980038,33.9885751550615 135.365927428378,33.9886095949887 135.365847740116,33.9886480622736 135.36580419647,33.9887150793256 135.365756087814,33.988769937263 135.365642974457,33.9888262001327 135.365537776574,33.9888321852983 135.365426687736,33.9888299615573 135.365323222532,33.9888244690644 135.365162726108,33.9888611927694 135.365036799445,33.9888660427215 135.364928651896,33.9888494910233 135.364729504438,33.9888222713807 135.364568471785,33.9888087091905 135.364348095655,33.9888385219311 135.364257088499,33.9888432178961 135.364169123438,33.988866574646 135.364110110626,33.9888884860376 135.364134384332,33.9889371077641 135.364158710158,33.9890105607773 135.364166205414,33.9890985057122 135.364113052879,33.9891764449894 135.364283935565,33.9893672153577 135.364112022528,33.9893758019017 135.363926128705,33.9893737410372 135.363734033886,33.9894615826205 135.363700713565,33.989483996332 135.363689882794,33.9895038107232 135.363650260598,33.9894873408988 135.363505628654,33.9894516466657</coordinates></LinearRing></outerBoundaryIs></Polygon></MultiGeometry>
  </Placemark>
  <Placemark>
	<Style><LineStyle><color>ff0000ff</color></LineStyle><PolyStyle><fill>0</fill></PolyStyle></Style>
	<ExtendedData><SchemaData schemaUrl="#c392_hidakagunhidakagawachou">
		<SimpleData name="市町村">日高川町</SimpleData>
		<SimpleData name="大字">大字弥谷</SimpleData>
		<SimpleData name="字">字東又</SimpleData>
		<SimpleData name="q_kyouyuushakanrenjouhou_tkigo"></SimpleData>
		<SimpleData name="地番">63</SimpleData>
		<SimpleData name="地目">山林</SimpleData>
		<SimpleData name="面積">0.1875</SimpleData>
		<SimpleData name="乙区分"></SimpleData>
		<SimpleData name="共有者数">0</SimpleData>
		<SimpleData name="登記年月日">2014/11/28</SimpleData>
		<SimpleData name="q_kyouyuushakanrenjouhou_keyno"></SimpleData>
		<SimpleData name="持ち分"></SimpleData>
	</SchemaData></ExtendedData>
      <MultiGeometry><Polygon><outerBoundaryIs><LinearRing><coordinates>135.362413190404,33.9884132782836 135.362462574134,33.988437084031 135.362510729585,33.9885455158746 135.362703192212,33.9886317242459 135.362872108292,33.9886575995999 135.362984688224,33.9886282141829 135.36303709101,33.9886768203716 135.363134191503,33.988723088348 135.363245169678,33.9887762531987 135.36338342753,33.9888334080438 135.363394995786,33.9888714532955 135.363427136613,33.9888170447208 135.363454098084,33.9887751434124 135.363502887664,33.9887420987592 135.363496002291,33.9887047007499 135.363501288321,33.9886751203861 135.363394261895,33.9885750649555 135.363256415578,33.9885643709054 135.363145266195,33.9885849751604 135.363135034104,33.9886290006194 135.363101077235,33.9886264987116 135.363070780264,33.9885860772288 135.363018854172,33.9885446683062 135.362924479123,33.9884972693167 135.362782393469,33.9884482788768 135.362708650624,33.988417999808 135.362675130533,33.9884019489668 135.362546022325,33.9883837439605 135.36245014378,33.9883578670758 135.36241863207,33.9883962391564 135.362413190404,33.9884132782836</coordinates></LinearRing></outerBoundaryIs></Polygon></MultiGeometry>
  </Placemark>
  <Placemark>
	<Style><LineStyle><color>ff0000ff</color></LineStyle><PolyStyle><fill>0</fill></PolyStyle></Style>
	<ExtendedData><SchemaData schemaUrl="#c392_hidakagunhidakagawachou">
		<SimpleData name="市町村">日高川町</SimpleData>
		<SimpleData name="大字">大字弥谷</SimpleData>
		<SimpleData name="字">字東又</SimpleData>
		<SimpleData name="q_kyouyuushakanrenjouhou_tkigo"></SimpleData>
		<SimpleData name="地番">257-10</SimpleData>
		<SimpleData name="地目">山林</SimpleData>
		<SimpleData name="面積">0.0779</SimpleData>
		<SimpleData name="乙区分"></SimpleData>
		<SimpleData name="共有者数">0</SimpleData>
		<SimpleData name="登記年月日">2014/11/28</SimpleData>
		<SimpleData name="q_kyouyuushakanrenjouhou_keyno"></SimpleData>
		<SimpleData name="持ち分"></SimpleData>
	</SchemaData></ExtendedData>
      <MultiGeometry><Polygon><outerBoundaryIs><LinearRing><coordinates>135.362463992815,33.9888310644077 135.362606153435,33.9888425300277 135.362720473045,33.9888672310536 135.362753284669,33.9888867223324 135.362874400618,33.9889405711445 135.362899265278,33.988840296602 135.362910914896,33.9888281050559 135.362936954862,33.9887688874307 135.362857999098,33.9887410599627 135.362628593881,33.9886926729035 135.362487835722,33.988618228662 135.362467400367,33.9887285600022 135.362463992815,33.9888310644077</coordinates></LinearRing></outerBoundaryIs></Polygon></MultiGeometry>
  </Placemark>
  <Placemark>
	<Style><LineStyle><color>ff0000ff</color></LineStyle><PolyStyle><fill>0</fill></PolyStyle></Style>
	<ExtendedData><SchemaData schemaUrl="#c392_hidakagunhidakagawachou">
		<SimpleData name="市町村">日高川町</SimpleData>
		<SimpleData name="大字">大字弥谷</SimpleData>
		<SimpleData name="字">字東又</SimpleData>
		<SimpleData name="q_kyouyuushakanrenjouhou_tkigo"></SimpleData>
		<SimpleData name="地番">258-3</SimpleData>
		<SimpleData name="地目">保安林</SimpleData>
		<SimpleData name="面積">0.5125</SimpleData>
		<SimpleData name="乙区分"></SimpleData>
		<SimpleData name="共有者数">0</SimpleData>
		<SimpleData name="登記年月日">2014/11/28</SimpleData>
		<SimpleData name="q_kyouyuushakanrenjouhou_keyno"></SimpleData>
		<SimpleData name="持ち分"></SimpleData>
	</SchemaData></ExtendedData>
      <MultiGeometry><Polygon><outerBoundaryIs><LinearRing><coordinates>135.360968619113,33.9883746867128 135.361017795445,33.9884001148439 135.361134295745,33.9884527702099 135.36121261671,33.9884873556957 135.36126716822,33.9885135058682 135.36129300235,33.9884443248244 135.361353526883,33.988389379822 135.361417420552,33.9882762899319 135.361526777247,33.9881917561558 135.361558502659,33.9881682708624 135.361595261374,33.9882014791667 135.361668580194,33.9883289223477 135.36178483946,33.9884457140118 135.361814709286,33.9885216134335 135.361896314455,33.9885758983935 135.362015633532,33.9885789415715 135.362062243593,33.9885942850858 135.362182991207,33.9886684908386 135.362326014325,33.9887280436854 135.362463992815,33.9888310644077 135.362467400367,33.9887285600022 135.362427307746,33.9886982026773 135.362212278426,33.9886310458576 135.36222424492,33.9886068728272 135.362119191895,33.9885443710356 135.362042730255,33.988508739088 135.362086401528,33.9884263246825 135.362119458484,33.9883668740316 135.362068643172,33.9883449180246 135.362031743908,33.9883073102159 135.361910646625,33.9881917820803 135.361929518394,33.9881577903786 135.361951496692,33.98803224808 135.361916120392,33.9879765520789 135.361795212814,33.9879036354264 135.361669176052,33.9878395620059 135.361599763736,33.9878120095485 135.361489942353,33.9878041907904 135.361401292026,33.9876963679278 135.36137169972,33.9876123932888 135.361252180108,33.9875959758915 135.361122765618,33.9876200619612 135.361207928255,33.987670443881 135.361271014718,33.9876968817965 135.361301009167,33.9877256462393 135.36140196262,33.9877628474298 135.361453442689,33.9878130723853 135.361488341262,33.9878489470232 135.361483230763,33.9879083730421 135.361367207922,33.9879567630233 135.361175673534,33.9880827602422 135.361049918688,33.9881861160437 135.360968619113,33.9883746867128</coordinates></LinearRing></outerBoundaryIs></Polygon></MultiGeometry>
  </Placemark>
  <Placemark>
	<Style><LineStyle><color>ff0000ff</color></LineStyle><PolyStyle><fill>0</fill></PolyStyle></Style>
	<ExtendedData><SchemaData schemaUrl="#c392_hidakagunhidakagawachou">
		<SimpleData name="市町村">日高川町</SimpleData>
		<SimpleData name="大字">大字弥谷</SimpleData>
		<SimpleData name="字">字東又</SimpleData>
		<SimpleData name="q_kyouyuushakanrenjouhou_tkigo"></SimpleData>
		<SimpleData name="地番">83</SimpleData>
		<SimpleData name="地目">山林</SimpleData>
		<SimpleData name="面積">0.0706</SimpleData>
		<SimpleData name="乙区分"></SimpleData>
		<SimpleData name="共有者数">0</SimpleData>
		<SimpleData name="登記年月日">2014/11/28</SimpleData>
		<SimpleData name="q_kyouyuushakanrenjouhou_keyno"></SimpleData>
		<SimpleData name="持ち分"></SimpleData>
	</SchemaData></ExtendedData>
      <MultiGeometry><Polygon><outerBoundaryIs><LinearRing><coordinates>135.362487835722,33.988618228662 135.362349798437,33.9885318160707 135.362316149295,33.9884490008345 135.362119458484,33.9883668740316 135.362086401528,33.9884263246825 135.362042730255,33.988508739088 135.362119191895,33.9885443710356 135.36222424492,33.9886068728272 135.362212278426,33.9886310458576 135.362427307746,33.9886982026773 135.362467400367,33.9887285600022 135.362487835722,33.988618228662</coordinates></LinearRing></outerBoundaryIs></Polygon></MultiGeometry>
  </Placemark>
  <Placemark>
	<Style><LineStyle><color>ff0000ff</color></LineStyle><PolyStyle><fill>0</fill></PolyStyle></Style>
	<ExtendedData><SchemaData schemaUrl="#c392_hidakagunhidakagawachou">
		<SimpleData name="市町村">日高川町</SimpleData>
		<SimpleData name="大字">大字弥谷</SimpleData>
		<SimpleData name="字">字東又</SimpleData>
		<SimpleData name="q_kyouyuushakanrenjouhou_tkigo"></SimpleData>
		<SimpleData name="地番">259</SimpleData>
		<SimpleData name="地目">保安林</SimpleData>
		<SimpleData name="面積">1.3699</SimpleData>
		<SimpleData name="乙区分">有</SimpleData>
		<SimpleData name="共有者数">0</SimpleData>
		<SimpleData name="登記年月日">2014/11/28</SimpleData>
		<SimpleData name="q_kyouyuushakanrenjouhou_keyno"></SimpleData>
		<SimpleData name="持ち分"></SimpleData>
	</SchemaData></ExtendedData>
      <MultiGeometry><Polygon><outerBoundaryIs><LinearRing><coordinates>135.360597978734,33.9906138554431 135.360603681372,33.9905101639305 135.360625365694,33.990317279779 135.36065705104,33.9901637222578 135.360694630551,33.9900408570214 135.360748182117,33.9899173462641 135.360794095835,33.9897785659426 135.360872983898,33.9895973120357 135.360916635055,33.9894732800283 135.360938920537,33.9893504722993 135.360942542864,33.9892423710261 135.360964201519,33.9891541256423 135.361022988827,33.9890553178768 135.361055729552,33.9889253056185 135.361094849546,33.9888410106423 135.361168267372,33.9887484998265 135.361222172225,33.9886251610651 135.36126716822,33.9885135058682 135.36121261671,33.9884873556957 135.361134295745,33.9884527702099 135.361017795445,33.9884001148439 135.360968619113,33.9883746867128 135.360762985802,33.9882726670444 135.360653371597,33.9884089597628 135.360569867545,33.9884970550044 135.36046433644,33.9885897231211 135.360334921686,33.9886887305585 135.360267848511,33.9888114874412 135.360258508858,33.9888718462006 135.360257807527,33.9889596576688 135.360251434529,33.9890505059924 135.360159355059,33.9892457288497 135.360142861894,33.9894128000393 135.36013619845,33.9895712579513 135.360163042578,33.9898207986171 135.360255749154,33.9899205380318 135.360278700781,33.9900598195886 135.360292145016,33.990156605202 135.360392552448,33.9903191540568 135.360444533463,33.9904456656345 135.360524404353,33.9905553098326 135.360597978734,33.9906138554431</coordinates></LinearRing></outerBoundaryIs></Polygon></MultiGeometry>
  </Placemark>
  <Placemark>
	<Style><LineStyle><color>ff0000ff</color></LineStyle><PolyStyle><fill>0</fill></PolyStyle></Style>
	<ExtendedData><SchemaData schemaUrl="#c392_hidakagunhidakagawachou">
		<SimpleData name="市町村">日高川町</SimpleData>
		<SimpleData name="大字">大字弥谷</SimpleData>
		<SimpleData name="字">字幸中</SimpleData>
		<SimpleData name="q_kyouyuushakanrenjouhou_tkigo"></SimpleData>
		<SimpleData name="地番">261-1</SimpleData>
		<SimpleData name="地目">保安林</SimpleData>
		<SimpleData name="面積">0.6521</SimpleData>
		<SimpleData name="乙区分"></SimpleData>
		<SimpleData name="共有者数">0</SimpleData>
		<SimpleData name="登記年月日">2014/11/28</SimpleData>
		<SimpleData name="q_kyouyuushakanrenjouhou_keyno"></SimpleData>
		<SimpleData name="持ち分"></SimpleData>
	</SchemaData></ExtendedData>
      <MultiGeometry><Polygon><outerBoundaryIs><LinearRing><coordinates>135.360257807527,33.9889596576688 135.360258508858,33.9888718462006 135.360267848511,33.9888114874412 135.360334921686,33.9886887305585 135.36021285978,33.9884638503819 135.360185616047,33.9883745312694 135.360118746133,33.9882823012645 135.36008931528,33.9881785180759 135.360039330782,33.9880731042659 135.359976358196,33.988011278438 135.359937603009,33.9879356569287 135.359857167579,33.9878366221428 135.359755563653,33.9877446530017 135.359629860068,33.9876753589598 135.359520459727,33.9875794369959 135.359441421031,33.9874792903205 135.359396430812,33.9874383298215 135.359384066041,33.9873972164067 135.359379343068,33.9873573500244 135.35931498171,33.9873664898323 135.359311824695,33.9874511248018 135.359333859687,33.9874787573351 135.359381011478,33.9876427418777 135.359373882838,33.9877920650376 135.359444603259,33.987874542129 135.359432689109,33.9880170053289 135.359444775223,33.9880939739914 135.359387160515,33.9881560829043 135.359456034531,33.9882088696395 135.359527923475,33.9883086283568 135.359661931528,33.9884212498234 135.359795065766,33.9885563363183 135.359886377575,33.9887305591051 135.36013453129,33.9889055786717 135.360257807527,33.9889596576688</coordinates></LinearRing></outerBoundaryIs></Polygon></MultiGeometry>
  </Placemark>
  <Placemark>
	<Style><LineStyle><color>ff0000ff</color></LineStyle><PolyStyle><fill>0</fill></PolyStyle></Style>
	<ExtendedData><SchemaData schemaUrl="#c392_hidakagunhidakagawachou">
		<SimpleData name="市町村">日高川町</SimpleData>
		<SimpleData name="大字">大字弥谷</SimpleData>
		<SimpleData name="字">字東又</SimpleData>
		<SimpleData name="q_kyouyuushakanrenjouhou_tkigo"></SimpleData>
		<SimpleData name="地番">260-1</SimpleData>
		<SimpleData name="地目">保安林</SimpleData>
		<SimpleData name="面積">0.8147</SimpleData>
		<SimpleData name="乙区分"></SimpleData>
		<SimpleData name="共有者数">0</SimpleData>
		<SimpleData name="登記年月日">2014/11/28</SimpleData>
		<SimpleData name="q_kyouyuushakanrenjouhou_keyno"></SimpleData>
		<SimpleData name="持ち分"></SimpleData>
	</SchemaData></ExtendedData>
      <MultiGeometry><Polygon><outerBoundaryIs><LinearRing><coordinates>135.360334921686,33.9886887305585 135.36046433644,33.9885897231211 135.360569867545,33.9884970550044 135.360653371597,33.9884089597628 135.360762985802,33.9882726670444 135.360845017527,33.9881585347689 135.360932429169,33.9880487770025 135.360986029309,33.987956010071 135.360972406891,33.9877918657859 135.360966926529,33.9877431868767 135.36094860488,33.9876575206668 135.360908567773,33.9876084639103 135.360900038079,33.9874988208588 135.360851135077,33.9875208102541 135.360782838271,33.9875873453061 135.360717355629,33.987634925234 135.360643610395,33.9876674496153 135.360528064845,33.9877155356432 135.360371315203,33.9877969559716 135.360276962479,33.9878032193272 135.360218768496,33.9877808265876 135.360189074707,33.9877337978923 135.359978302014,33.9876104994331 135.359800215244,33.9874988381684 135.359700286037,33.9875141142339 135.359548484788,33.9874823811713 135.359486475605,33.987468109693 135.359424372416,33.9874073700301 135.359379343068,33.9873573500244 135.359384066041,33.9873972164067 135.359396430812,33.9874383298215 135.359441421031,33.9874792903205 135.359520459727,33.9875794369959 135.359629860068,33.9876753589598 135.359755563653,33.9877446530017 135.359857167579,33.9878366221428 135.359937603009,33.9879356569287 135.359976358196,33.988011278438 135.360039330782,33.9880731042659 135.36008931528,33.9881785180759 135.360118746133,33.9882823012645 135.360185616047,33.9883745312694 135.36021285978,33.9884638503819 135.360334921686,33.9886887305585</coordinates></LinearRing></outerBoundaryIs></Polygon></MultiGeometry>
  </Placemark>
  <Placemark>
	<Style><LineStyle><color>ff0000ff</color></LineStyle><PolyStyle><fill>0</fill></PolyStyle></Style>
	<ExtendedData><SchemaData schemaUrl="#c392_hidakagunhidakagawachou">
		<SimpleData name="市町村">日高川町</SimpleData>
		<SimpleData name="大字">大字弥谷</SimpleData>
		<SimpleData name="字">字東又</SimpleData>
		<SimpleData name="q_kyouyuushakanrenjouhou_tkigo"></SimpleData>
		<SimpleData name="地番">85</SimpleData>
		<SimpleData name="地目">山林</SimpleData>
		<SimpleData name="面積">0.0435</SimpleData>
		<SimpleData name="乙区分"></SimpleData>
		<SimpleData name="共有者数">0</SimpleData>
		<SimpleData name="登記年月日">2014/11/28</SimpleData>
		<SimpleData name="q_kyouyuushakanrenjouhou_keyno"></SimpleData>
		<SimpleData name="持ち分"></SimpleData>
	</SchemaData></ExtendedData>
      <MultiGeometry><Polygon><outerBoundaryIs><LinearRing><coordinates>135.360528064845,33.9877155356432 135.360419830054,33.9875566427285 135.360405573895,33.9875437027597 135.360352485642,33.98762155059 135.360328080202,33.9876575869646 135.360293803114,33.9876762170721 135.360217852103,33.987698162953 135.360218768496,33.9877808265876 135.360276962479,33.9878032193272 135.360371315203,33.9877969559716 135.360528064845,33.9877155356432</coordinates></LinearRing></outerBoundaryIs></Polygon></MultiGeometry>
  </Placemark>
  <Placemark>
	<Style><LineStyle><color>ff0000ff</color></LineStyle><PolyStyle><fill>0</fill></PolyStyle></Style>
	<ExtendedData><SchemaData schemaUrl="#c392_hidakagunhidakagawachou">
		<SimpleData name="市町村">日高川町</SimpleData>
		<SimpleData name="大字">大字弥谷</SimpleData>
		<SimpleData name="字">字東又</SimpleData>
		<SimpleData name="q_kyouyuushakanrenjouhou_tkigo"></SimpleData>
		<SimpleData name="地番">86</SimpleData>
		<SimpleData name="地目">山林</SimpleData>
		<SimpleData name="面積">0.0981</SimpleData>
		<SimpleData name="乙区分"></SimpleData>
		<SimpleData name="共有者数">0</SimpleData>
		<SimpleData name="登記年月日">2014/11/28</SimpleData>
		<SimpleData name="q_kyouyuushakanrenjouhou_keyno"></SimpleData>
		<SimpleData name="持ち分"></SimpleData>
	</SchemaData></ExtendedData>
      <MultiGeometry><Polygon><outerBoundaryIs><LinearRing><coordinates>135.360528064845,33.9877155356432 135.360643610395,33.9876674496153 135.360717355629,33.987634925234 135.360782838271,33.9875873453061 135.360851135077,33.9875208102541 135.360900038079,33.9874988208588 135.360905452782,33.9874693665972 135.360921792581,33.9874395011509 135.360705021209,33.9874046550958 135.360586903162,33.9873946637432 135.360524416685,33.9874222796396 135.360405573895,33.9875437027597 135.360419830054,33.9875566427285 135.360528064845,33.9877155356432</coordinates></LinearRing></outerBoundaryIs></Polygon></MultiGeometry>
  </Placemark>
  <Placemark>
	<Style><LineStyle><color>ff0000ff</color></LineStyle><PolyStyle><fill>0</fill></PolyStyle></Style>
	<ExtendedData><SchemaData schemaUrl="#c392_hidakagunhidakagawachou">
		<SimpleData name="市町村">日高川町</SimpleData>
		<SimpleData name="大字">大字弥谷</SimpleData>
		<SimpleData name="字">字東又</SimpleData>
		<SimpleData name="q_kyouyuushakanrenjouhou_tkigo"></SimpleData>
		<SimpleData name="地番">259-3</SimpleData>
		<SimpleData name="地目">保安林</SimpleData>
		<SimpleData name="面積">0.2587</SimpleData>
		<SimpleData name="乙区分"></SimpleData>
		<SimpleData name="共有者数">0</SimpleData>
		<SimpleData name="登記年月日">2014/11/28</SimpleData>
		<SimpleData name="q_kyouyuushakanrenjouhou_keyno"></SimpleData>
		<SimpleData name="持ち分"></SimpleData>
	</SchemaData></ExtendedData>
      <MultiGeometry><Polygon><outerBoundaryIs><LinearRing><coordinates>135.360762985802,33.9882726670444 135.360968619113,33.9883746867128 135.361049918688,33.9881861160437 135.361175673534,33.9880827602422 135.361367207922,33.9879567630233 135.361483230763,33.9879083730421 135.361488341262,33.9878489470232 135.361453442689,33.9878130723853 135.36140196262,33.9877628474298 135.361301009167,33.9877256462393 135.361271014718,33.9876968817965 135.361207928255,33.987670443881 135.361122765618,33.9876200619612 135.361059963253,33.9875383220766 135.361019714035,33.987530619839 135.360900038079,33.9874988208588 135.360908567773,33.9876084639103 135.36094860488,33.9876575206668 135.360966926529,33.9877431868767 135.360972406891,33.9877918657859 135.360986029309,33.987956010071 135.360932429169,33.9880487770025 135.360845017527,33.9881585347689 135.360762985802,33.9882726670444</coordinates></LinearRing></outerBoundaryIs></Polygon></MultiGeometry>
  </Placemark>
  <Placemark>
	<Style><LineStyle><color>ff0000ff</color></LineStyle><PolyStyle><fill>0</fill></PolyStyle></Style>
	<ExtendedData><SchemaData schemaUrl="#c392_hidakagunhidakagawachou">
		<SimpleData name="市町村">日高川町</SimpleData>
		<SimpleData name="大字">大字弥谷</SimpleData>
		<SimpleData name="字">字東又</SimpleData>
		<SimpleData name="q_kyouyuushakanrenjouhou_tkigo"></SimpleData>
		<SimpleData name="地番">249-2</SimpleData>
		<SimpleData name="地目">山林</SimpleData>
		<SimpleData name="面積">0.0795</SimpleData>
		<SimpleData name="乙区分"></SimpleData>
		<SimpleData name="共有者数">0</SimpleData>
		<SimpleData name="登記年月日">2014/11/28</SimpleData>
		<SimpleData name="q_kyouyuushakanrenjouhou_keyno"></SimpleData>
		<SimpleData name="持ち分"></SimpleData>
	</SchemaData></ExtendedData>
      <MultiGeometry><Polygon><outerBoundaryIs><LinearRing><coordinates>135.361700467444,33.9877483018956 135.361836509091,33.9878293592646 135.361906891761,33.9878556904425 135.361999519467,33.9878732832001 135.362014360125,33.987929566028 135.362099944487,33.9879059460214 135.36200536165,33.9876721570512 135.361993258897,33.9875956645805 135.36192508879,33.9875714997556 135.361778883764,33.9876048770034 135.361748481213,33.9876454527763 135.361730718758,33.9877033516793 135.361700467444,33.9877483018956</coordinates></LinearRing></outerBoundaryIs></Polygon></MultiGeometry>
  </Placemark>
  <Placemark>
	<Style><LineStyle><color>ff0000ff</color></LineStyle><PolyStyle><fill>0</fill></PolyStyle></Style>
	<ExtendedData><SchemaData schemaUrl="#c392_hidakagunhidakagawachou">
		<SimpleData name="市町村">日高川町</SimpleData>
		<SimpleData name="大字">大字弥谷</SimpleData>
		<SimpleData name="字">字東又</SimpleData>
		<SimpleData name="q_kyouyuushakanrenjouhou_tkigo"></SimpleData>
		<SimpleData name="地番">61-2</SimpleData>
		<SimpleData name="地目">山林</SimpleData>
		<SimpleData name="面積">0.0269</SimpleData>
		<SimpleData name="乙区分"></SimpleData>
		<SimpleData name="共有者数">0</SimpleData>
		<SimpleData name="登記年月日">2014/11/28</SimpleData>
		<SimpleData name="q_kyouyuushakanrenjouhou_keyno"></SimpleData>
		<SimpleData name="持ち分"></SimpleData>
	</SchemaData></ExtendedData>
      <MultiGeometry><Polygon><outerBoundaryIs><LinearRing><coordinates>135.360899850817,33.9873675376089 135.360942229728,33.9873784597488 135.360992089081,33.9874327246727 135.3610641075,33.987372160303 135.361181199692,33.9872732043875 135.361088358749,33.9872641120176 135.360963902529,33.9872593363405 135.360936134705,33.9872716432415 135.360899850817,33.9873675376089</coordinates></LinearRing></outerBoundaryIs></Polygon></MultiGeometry>
  </Placemark>
  <Placemark>
	<Style><LineStyle><color>ff0000ff</color></LineStyle><PolyStyle><fill>0</fill></PolyStyle></Style>
	<ExtendedData><SchemaData schemaUrl="#c392_hidakagunhidakagawachou">
		<SimpleData name="市町村">日高川町</SimpleData>
		<SimpleData name="大字">大字弥谷</SimpleData>
		<SimpleData name="字">字東又</SimpleData>
		<SimpleData name="q_kyouyuushakanrenjouhou_tkigo"></SimpleData>
		<SimpleData name="地番">62</SimpleData>
		<SimpleData name="地目">山林</SimpleData>
		<SimpleData name="面積">0.1121</SimpleData>
		<SimpleData name="乙区分"></SimpleData>
		<SimpleData name="共有者数">0</SimpleData>
		<SimpleData name="登記年月日">2014/11/28</SimpleData>
		<SimpleData name="q_kyouyuushakanrenjouhou_keyno"></SimpleData>
		<SimpleData name="持ち分"></SimpleData>
	</SchemaData></ExtendedData>
      <MultiGeometry><Polygon><outerBoundaryIs><LinearRing><coordinates>135.360992089081,33.9874327246727 135.361020927594,33.987455098936 135.361158203195,33.9875506071257 135.361330960871,33.9875153218131 135.361458455169,33.9876046750496 135.36152921281,33.987690819769 135.361700467444,33.9877483018956 135.361730718758,33.9877033516793 135.361694596218,33.9876968350376 135.361608389145,33.9876617491228 135.36153793761,33.9876139773201 135.361524360666,33.9875667801251 135.361511158461,33.9875101450989 135.361475284112,33.9874514990477 135.361449364267,33.987397620028 135.361377298709,33.9873529592998 135.361360421199,33.9873478037911 135.361308102415,33.9873200342515 135.361261795261,33.9873003372878 135.361181199692,33.9872732043875 135.3610641075,33.987372160303 135.360992089081,33.9874327246727</coordinates></LinearRing></outerBoundaryIs></Polygon></MultiGeometry>
  </Placemark>
  <Placemark>
	<Style><LineStyle><color>ff0000ff</color></LineStyle><PolyStyle><fill>0</fill></PolyStyle></Style>
	<ExtendedData><SchemaData schemaUrl="#c392_hidakagunhidakagawachou">
		<SimpleData name="市町村">日高川町</SimpleData>
		<SimpleData name="大字">大字弥谷</SimpleData>
		<SimpleData name="字">字東又</SimpleData>
		<SimpleData name="q_kyouyuushakanrenjouhou_tkigo"></SimpleData>
		<SimpleData name="地番">248-1</SimpleData>
		<SimpleData name="地目">保安林</SimpleData>
		<SimpleData name="面積">1.173</SimpleData>
		<SimpleData name="乙区分"></SimpleData>
		<SimpleData name="共有者数">0</SimpleData>
		<SimpleData name="登記年月日">2014/11/28</SimpleData>
		<SimpleData name="q_kyouyuushakanrenjouhou_keyno"></SimpleData>
		<SimpleData name="持ち分"></SimpleData>
	</SchemaData></ExtendedData>
      <MultiGeometry><Polygon><outerBoundaryIs><LinearRing><coordinates>135.359591356038,33.9874263533755 135.359906895372,33.9874420873868 135.360027999158,33.9874522833571 135.360170443494,33.9874759420112 135.360208769555,33.9874916939463 135.360258686405,33.9875107879683 135.360349267412,33.9875109442576 135.360508660482,33.9873425691558 135.360690003401,33.9873259032672 135.360899850817,33.9873675376089 135.360936134705,33.9872716432415 135.360963902529,33.9872593363405 135.361088358749,33.9872641120176 135.361181199692,33.9872732043875 135.361261795261,33.9873003372878 135.361308102415,33.9873200342515 135.361360421199,33.9873478037911 135.361377298709,33.9873529592998 135.361449364267,33.987397620028 135.361475284112,33.9874514990477 135.361511158461,33.9875101450989 135.361524360666,33.9875667801251 135.36153793761,33.9876139773201 135.361608389145,33.9876617491228 135.361694596218,33.9876968350376 135.361730718758,33.9877033516793 135.361748481213,33.9876454527763 135.361778883764,33.9876048770034 135.361814012154,33.9875086590174 135.361826675684,33.9873738540389 135.361850705204,33.9872666699853 135.361887673651,33.9872208078821 135.361954043475,33.9871541720526 135.362036071678,33.9870879509697 135.36217725625,33.9869645422358 135.362273438646,33.986860841729 135.362313240513,33.9868256700506 135.362249385486,33.9868310191794 135.362062191316,33.986787906957 135.361947560424,33.9867777384452 135.361783000891,33.9868050870826 135.361709854733,33.9868096033427 135.361628460357,33.9868302866708 135.361461345871,33.9868417723555 135.361400509875,33.9868356322673 135.361337390852,33.9868207158235 135.361174325462,33.986852589329 135.360955107466,33.9868610890648 135.360662012838,33.9868980639339 135.360538161132,33.9868749352529 135.360511186499,33.9868765802283 135.360469223335,33.9869013716602 135.3603266496,33.9870004108113 135.360207687422,33.9870657363502 135.360128824795,33.9871049507528 135.359936782007,33.9871876124227 135.359858592861,33.9872091497375 135.359750930603,33.9872511280309 135.359671902421,33.9872938935875 135.359629145585,33.9873678729044 135.359591356038,33.9874263533755</coordinates></LinearRing></outerBoundaryIs></Polygon></MultiGeometry>
  </Placemark>
  <Placemark>
	<Style><LineStyle><color>ff0000ff</color></LineStyle><PolyStyle><fill>0</fill></PolyStyle></Style>
	<ExtendedData><SchemaData schemaUrl="#c392_hidakagunhidakagawachou">
		<SimpleData name="市町村">日高川町</SimpleData>
		<SimpleData name="大字">大字弥谷</SimpleData>
		<SimpleData name="字">字東又</SimpleData>
		<SimpleData name="q_kyouyuushakanrenjouhou_tkigo"></SimpleData>
		<SimpleData name="地番">258-2</SimpleData>
		<SimpleData name="地目">山林</SimpleData>
		<SimpleData name="面積">0.0064</SimpleData>
		<SimpleData name="乙区分"></SimpleData>
		<SimpleData name="共有者数">0</SimpleData>
		<SimpleData name="登記年月日">2014/11/28</SimpleData>
		<SimpleData name="q_kyouyuushakanrenjouhou_keyno"></SimpleData>
		<SimpleData name="持ち分"></SimpleData>
	</SchemaData></ExtendedData>
      <MultiGeometry><Polygon><outerBoundaryIs><LinearRing><coordinates>135.361059963253,33.9875383220766 135.360980180066,33.9874692949136 135.360921792581,33.9874395011509 135.360905452782,33.9874693665972 135.360900038079,33.9874988208588 135.361019714035,33.987530619839 135.361059963253,33.9875383220766</coordinates></LinearRing></outerBoundaryIs></Polygon></MultiGeometry>
  </Placemark>
  <Placemark>
	<Style><LineStyle><color>ff0000ff</color></LineStyle><PolyStyle><fill>0</fill></PolyStyle></Style>
	<ExtendedData><SchemaData schemaUrl="#c392_hidakagunhidakagawachou">
		<SimpleData name="市町村">日高川町</SimpleData>
		<SimpleData name="大字">大字弥谷</SimpleData>
		<SimpleData name="字">字東又</SimpleData>
		<SimpleData name="q_kyouyuushakanrenjouhou_tkigo"></SimpleData>
		<SimpleData name="地番">61-1</SimpleData>
		<SimpleData name="地目">山林</SimpleData>
		<SimpleData name="面積">0.0348</SimpleData>
		<SimpleData name="乙区分"></SimpleData>
		<SimpleData name="共有者数">0</SimpleData>
		<SimpleData name="登記年月日">2014/11/28</SimpleData>
		<SimpleData name="q_kyouyuushakanrenjouhou_keyno"></SimpleData>
		<SimpleData name="持ち分"></SimpleData>
	</SchemaData></ExtendedData>
      <MultiGeometry><Polygon><outerBoundaryIs><LinearRing><coordinates>135.359906895372,33.9874420873868 135.360055327449,33.9875650617369 135.360185030216,33.9875933803003 135.360280073643,33.9875886542299 135.360349267412,33.9875109442576 135.360258686405,33.9875107879683 135.360208769555,33.9874916939463 135.360170443494,33.9874759420112 135.360027999158,33.9874522833571 135.359906895372,33.9874420873868</coordinates></LinearRing></outerBoundaryIs></Polygon></MultiGeometry>
  </Placemark>
  <Placemark>
	<Style><LineStyle><color>ff0000ff</color></LineStyle><PolyStyle><fill>0</fill></PolyStyle></Style>
	<ExtendedData><SchemaData schemaUrl="#c392_hidakagunhidakagawachou">
		<SimpleData name="市町村">日高川町</SimpleData>
		<SimpleData name="大字">大字弥谷</SimpleData>
		<SimpleData name="字">字東又</SimpleData>
		<SimpleData name="q_kyouyuushakanrenjouhou_tkigo"></SimpleData>
		<SimpleData name="地番">249-1</SimpleData>
		<SimpleData name="地目">保安林</SimpleData>
		<SimpleData name="面積">1.0235</SimpleData>
		<SimpleData name="乙区分"></SimpleData>
		<SimpleData name="共有者数">0</SimpleData>
		<SimpleData name="登記年月日">2014/11/28</SimpleData>
		<SimpleData name="q_kyouyuushakanrenjouhou_keyno"></SimpleData>
		<SimpleData name="持ち分"></SimpleData>
	</SchemaData></ExtendedData>
      <MultiGeometry><Polygon><outerBoundaryIs><LinearRing><coordinates>135.361778883764,33.9876048770034 135.36192508879,33.9875714997556 135.361993258897,33.9875956645805 135.36200536165,33.9876721570512 135.362099944487,33.9879059460214 135.362182175313,33.9878360113029 135.36227737289,33.9877498148214 135.36235171185,33.9876697510546 135.362518535075,33.987493090049 135.362616903468,33.9874315063334 135.362756081374,33.9874115976907 135.362899883837,33.9873880992148 135.362952521413,33.9873690143661 135.363072297504,33.9873075321059 135.363129976172,33.9872583227958 135.363233273042,33.9870801869181 135.363277879509,33.9870057840289 135.363478939691,33.9868237260486 135.3635607507,33.9867298146045 135.363449321418,33.9866968345793 135.363322596045,33.9866829352546 135.363117691475,33.9867227885966 135.362862647279,33.9867302768096 135.362663589917,33.9867610462757 135.362400883862,33.9868102470428 135.362313240513,33.9868256700506 135.362273438646,33.986860841729 135.36217725625,33.9869645422358 135.362036071678,33.9870879509697 135.361954043475,33.9871541720526 135.361887673651,33.9872208078821 135.361850705204,33.9872666699853 135.361826675684,33.9873738540389 135.361814012154,33.9875086590174 135.361778883764,33.9876048770034</coordinates></LinearRing></outerBoundaryIs></Polygon></MultiGeometry>
  </Placemark>
  <Placemark>
	<Style><LineStyle><color>ff0000ff</color></LineStyle><PolyStyle><fill>0</fill></PolyStyle></Style>
	<ExtendedData><SchemaData schemaUrl="#c392_hidakagunhidakagawachou">
		<SimpleData name="市町村">日高川町</SimpleData>
		<SimpleData name="大字">大字弥谷</SimpleData>
		<SimpleData name="字">字東又</SimpleData>
		<SimpleData name="q_kyouyuushakanrenjouhou_tkigo"></SimpleData>
		<SimpleData name="地番">251</SimpleData>
		<SimpleData name="地目">保安林</SimpleData>
		<SimpleData name="面積">2.1316</SimpleData>
		<SimpleData name="乙区分"></SimpleData>
		<SimpleData name="共有者数">0</SimpleData>
		<SimpleData name="登記年月日">2014/11/28</SimpleData>
		<SimpleData name="q_kyouyuushakanrenjouhou_keyno"></SimpleData>
		<SimpleData name="持ち分"></SimpleData>
	</SchemaData></ExtendedData>
      <MultiGeometry><Polygon><outerBoundaryIs><LinearRing><coordinates>135.362053456026,33.9882075252914 135.362091161839,33.9882860970558 135.362300916644,33.9883653172303 135.362413190404,33.9884132782836 135.36241863207,33.9883962391564 135.36245014378,33.9883578670758 135.362546022325,33.9883837439605 135.362675130533,33.9884019489668 135.362708650624,33.988417999808 135.362782393469,33.9884482788768 135.362924479123,33.9884972693167 135.363018854172,33.9885446683062 135.363070780264,33.9885860772288 135.363101077235,33.9886264987116 135.363135034104,33.9886290006194 135.363145266195,33.9885849751604 135.363256415578,33.9885643709054 135.363394261895,33.9885750649555 135.363501288321,33.9886751203861 135.363496002291,33.9887047007499 135.363625216572,33.9886753728502 135.363654278633,33.9886375567007 135.363750574611,33.9885420160555 135.363776542045,33.988499848068 135.363818094321,33.9883995974058 135.363871087462,33.9882628359956 135.363908087066,33.9881200250707 135.363945628117,33.9879668467012 135.363943847814,33.9878163150096 135.363942059769,33.9877279848124 135.363894627271,33.9876051397225 135.363857736336,33.987480790246 135.363871932501,33.9874043798221 135.363921723454,33.9873066790543 135.364058725587,33.9872123403334 135.36420189043,33.9871278688823 135.36435140742,33.987041926206 135.364419117599,33.9869591121938 135.364451541053,33.9868928667468 135.364370136578,33.986876893589 135.364204269047,33.9867793938304 135.364086779896,33.9867662552847 135.363910882712,33.9867785987061 135.363747940191,33.9867607159294 135.3635607507,33.9867298146045 135.363478939691,33.9868237260486 135.363277879509,33.9870057840289 135.363233273042,33.9870801869181 135.363129976172,33.9872583227958 135.363072297504,33.9873075321059 135.362952521413,33.9873690143661 135.362937226289,33.9874286843505 135.362892633537,33.9875925540654 135.362844558243,33.9877371916807 135.362740361643,33.9878788978172 135.362526360081,33.9880193317414 135.362393853501,33.9881139273402 135.362306159535,33.9881707236859 135.362154377496,33.9881824881126 135.362053456026,33.9882075252914</coordinates></LinearRing></outerBoundaryIs></Polygon></MultiGeometry>
  </Placemark>
  <Placemark>
	<Style><LineStyle><color>ff0000ff</color></LineStyle><PolyStyle><fill>0</fill></PolyStyle></Style>
	<ExtendedData><SchemaData schemaUrl="#c392_hidakagunhidakagawachou">
		<SimpleData name="市町村">日高川町</SimpleData>
		<SimpleData name="大字">大字弥谷</SimpleData>
		<SimpleData name="字">字東又</SimpleData>
		<SimpleData name="q_kyouyuushakanrenjouhou_tkigo"></SimpleData>
		<SimpleData name="地番">250</SimpleData>
		<SimpleData name="地目">保安林</SimpleData>
		<SimpleData name="面積">0.3768</SimpleData>
		<SimpleData name="乙区分"></SimpleData>
		<SimpleData name="共有者数">0</SimpleData>
		<SimpleData name="登記年月日">2014/11/28</SimpleData>
		<SimpleData name="q_kyouyuushakanrenjouhou_keyno"></SimpleData>
		<SimpleData name="持ち分"></SimpleData>
	</SchemaData></ExtendedData>
      <MultiGeometry><Polygon><outerBoundaryIs><LinearRing><coordinates>135.362014360125,33.987929566028 135.362065228319,33.9879878650092 135.362061480471,33.9880547363354 135.362053456026,33.9882075252914 135.362154377496,33.9881824881126 135.362306159535,33.9881707236859 135.362393853501,33.9881139273402 135.362526360081,33.9880193317414 135.362740361643,33.9878788978172 135.362844558243,33.9877371916807 135.362892633537,33.9875925540654 135.362937226289,33.9874286843505 135.362952521413,33.9873690143661 135.362899883837,33.9873880992148 135.362756081374,33.9874115976907 135.362616903468,33.9874315063334 135.362518535075,33.987493090049 135.36235171185,33.9876697510546 135.36227737289,33.9877498148214 135.362182175313,33.9878360113029 135.362099944487,33.9879059460214 135.362014360125,33.987929566028</coordinates></LinearRing></outerBoundaryIs></Polygon></MultiGeometry>
  </Placemark>
  <Placemark>
	<Style><LineStyle><color>ff0000ff</color></LineStyle><PolyStyle><fill>0</fill></PolyStyle></Style>
	<ExtendedData><SchemaData schemaUrl="#c392_hidakagunhidakagawachou">
		<SimpleData name="市町村">日高川町</SimpleData>
		<SimpleData name="大字">大字弥谷</SimpleData>
		<SimpleData name="字">字東又</SimpleData>
		<SimpleData name="q_kyouyuushakanrenjouhou_tkigo"></SimpleData>
		<SimpleData name="地番">253</SimpleData>
		<SimpleData name="地目">保安林</SimpleData>
		<SimpleData name="面積">4.0461</SimpleData>
		<SimpleData name="乙区分"></SimpleData>
		<SimpleData name="共有者数">0</SimpleData>
		<SimpleData name="登記年月日">2014/11/28</SimpleData>
		<SimpleData name="q_kyouyuushakanrenjouhou_keyno"></SimpleData>
		<SimpleData name="持ち分"></SimpleData>
	</SchemaData></ExtendedData>
      <MultiGeometry><Polygon><outerBoundaryIs><LinearRing><coordinates>135.363625216572,33.9886753728502 135.36367588684,33.9887096081884 135.363715079639,33.9887836430756 135.363809144146,33.9887872670753 135.363876367724,33.9888716980649 135.364000382766,33.9888474089933 135.364084379392,33.9887786370899 135.364110915173,33.9888009617645 135.364110110626,33.9888884860376 135.364169123438,33.988866574646 135.364257088499,33.9888432178961 135.364348095655,33.9888385219311 135.364568471785,33.9888087091905 135.364729504438,33.9888222713807 135.364928651896,33.9888494910233 135.365036799445,33.9888660427215 135.365162726108,33.9888611927694 135.365323222532,33.9888244690644 135.365426687736,33.9888299615573 135.365537776574,33.9888321852983 135.365642974457,33.9888262001327 135.365756087814,33.988769937263 135.36580419647,33.9887150793256 135.365847740116,33.9886480622736 135.365927428378,33.9886095949887 135.366021980038,33.9885751550615 135.366143109082,33.9885501997976 135.366243260141,33.9885225496612 135.366337825242,33.9884804360216 135.366404139865,33.9884528458999 135.366330986141,33.9883417082204 135.366310133534,33.9882579772086 135.366246678239,33.9881350054077 135.36621924989,33.9879382057203 135.366172430496,33.9878196481626 135.366088227075,33.9876793118175 135.366032292021,33.9875494372079 135.365955422701,33.98742256432 135.365762172418,33.9873114637138 135.365539311358,33.9871985160063 135.365388203617,33.9870776261372 135.365204546487,33.9869531501794 135.364990600918,33.9868799810981 135.364842680881,33.9868546840823 135.364572757643,33.9868717380598 135.364493550767,33.9868805703987 135.364451541053,33.9868928667468 135.364419117599,33.9869591121938 135.36435140742,33.987041926206 135.36420189043,33.9871278688823 135.364058725587,33.9872123403334 135.363921723454,33.9873066790543 135.363871932501,33.9874043798221 135.363857736336,33.987480790246 135.363894627271,33.9876051397225 135.363942059769,33.9877279848124 135.363943847814,33.9878163150096 135.363945628117,33.9879668467012 135.363908087066,33.9881200250707 135.363871087462,33.9882628359956 135.363818094321,33.9883995974058 135.363776542045,33.988499848068 135.363750574611,33.9885420160555 135.363654278633,33.9886375567007 135.363625216572,33.9886753728502</coordinates></LinearRing></outerBoundaryIs></Polygon></MultiGeometry>
  </Placemark>
  <Placemark>
	<Style><LineStyle><color>ff0000ff</color></LineStyle><PolyStyle><fill>0</fill></PolyStyle></Style>
	<ExtendedData><SchemaData schemaUrl="#c392_hidakagunhidakagawachou">
		<SimpleData name="市町村">日高川町</SimpleData>
		<SimpleData name="大字">大字弥谷</SimpleData>
		<SimpleData name="字">字幸中</SimpleData>
		<SimpleData name="q_kyouyuushakanrenjouhou_tkigo"></SimpleData>
		<SimpleData name="地番">264-5</SimpleData>
		<SimpleData name="地目">保安林</SimpleData>
		<SimpleData name="面積">0.1156</SimpleData>
		<SimpleData name="乙区分"></SimpleData>
		<SimpleData name="共有者数">0</SimpleData>
		<SimpleData name="登記年月日">2014/11/28</SimpleData>
		<SimpleData name="q_kyouyuushakanrenjouhou_keyno"></SimpleData>
		<SimpleData name="持ち分"></SimpleData>
	</SchemaData></ExtendedData>
      <MultiGeometry><Polygon><outerBoundaryIs><LinearRing><coordinates>135.357460204794,33.9882530278201 135.357528215487,33.9881544511214 135.357646755773,33.9880350479311 135.357802245517,33.9878944623124 135.35791646608,33.9878168435817 135.357956686876,33.9877734700403 135.357932682806,33.9877328267916 135.35795808452,33.9876854900109 135.357970726319,33.9876712565735 135.357942126221,33.9876732630599 135.357824631583,33.9877169446653 135.357688720364,33.9877602162581 135.357648610461,33.987777038117 135.357614492924,33.9878031497983 135.357576525129,33.9878491496355 135.357482230276,33.9879857548145 135.357453690646,33.9880414059052 135.357405079468,33.9880906139001 135.357364509736,33.9881226261535 135.357355291879,33.9881537463789 135.357412767823,33.9882051764085 135.357460204794,33.9882530278201</coordinates></LinearRing></outerBoundaryIs></Polygon></MultiGeometry>
  </Placemark>
  <Placemark>
	<Style><LineStyle><color>ff0000ff</color></LineStyle><PolyStyle><fill>0</fill></PolyStyle></Style>
	<ExtendedData><SchemaData schemaUrl="#c392_hidakagunhidakagawachou">
		<SimpleData name="市町村">日高川町</SimpleData>
		<SimpleData name="大字">大字弥谷</SimpleData>
		<SimpleData name="字">字幸中</SimpleData>
		<SimpleData name="q_kyouyuushakanrenjouhou_tkigo"></SimpleData>
		<SimpleData name="地番">88-3</SimpleData>
		<SimpleData name="地目">公衆用道路</SimpleData>
		<SimpleData name="面積">0.3166</SimpleData>
		<SimpleData name="乙区分"></SimpleData>
		<SimpleData name="共有者数">0</SimpleData>
		<SimpleData name="登記年月日">2014/11/28</SimpleData>
		<SimpleData name="q_kyouyuushakanrenjouhou_keyno"></SimpleData>
		<SimpleData name="持ち分"></SimpleData>
	</SchemaData></ExtendedData>
      <MultiGeometry><Polygon><outerBoundaryIs><LinearRing><coordinates>135.357441407768,33.9884610653091 135.35748510428,33.9884279432611 135.357581966497,33.9884119398256 135.357690742823,33.9883918340136 135.357749126052,33.9883717716065 135.357870283027,33.9882973276127 135.357966680277,33.9882279835877 135.358029012014,33.9881850049015 135.35808367149,33.9881574846893 135.358105614592,33.9881339690899 135.358124311175,33.9880428596919 135.358110646075,33.9879442893056 135.358139404602,33.9878591739516 135.358163770841,33.9877998323083 135.358187546556,33.9877657666914 135.358197102807,33.9877543761146 135.358203756249,33.987741967814 135.358207242551,33.9877157593033 135.358241149232,33.9876904559945 135.358327154741,33.9876109063351 135.358219916583,33.9875732641274 135.358141193257,33.9876415636465 135.358108653469,33.9876406816237 135.358076201331,33.9876324610104 135.358045978374,33.9876315008985 135.358016866006,33.9876383012514 135.357991192569,33.9876525469378 135.357970726319,33.9876712565735 135.35795808452,33.9876854900109 135.357932682806,33.9877328267916 135.357956686876,33.9877734700403 135.35791646608,33.9878168435817 135.357802245517,33.9878944623124 135.357646755773,33.9880350479311 135.357528215487,33.9881544511214 135.357460204794,33.9882530278201 135.357380590885,33.9883329267019 135.357432607091,33.9884311492829 135.357441407768,33.9884610653091</coordinates></LinearRing></outerBoundaryIs></Polygon></MultiGeometry>
  </Placemark>
  <Placemark>
	<Style><LineStyle><color>ff0000ff</color></LineStyle><PolyStyle><fill>0</fill></PolyStyle></Style>
	<ExtendedData><SchemaData schemaUrl="#c392_hidakagunhidakagawachou">
		<SimpleData name="市町村">日高川町</SimpleData>
		<SimpleData name="大字">大字弥谷</SimpleData>
		<SimpleData name="字">字幸中</SimpleData>
		<SimpleData name="q_kyouyuushakanrenjouhou_tkigo"></SimpleData>
		<SimpleData name="地番">264-11</SimpleData>
		<SimpleData name="地目">保安林</SimpleData>
		<SimpleData name="面積">0.5505</SimpleData>
		<SimpleData name="乙区分"></SimpleData>
		<SimpleData name="共有者数">0</SimpleData>
		<SimpleData name="登記年月日">2014/11/28</SimpleData>
		<SimpleData name="q_kyouyuushakanrenjouhou_keyno"></SimpleData>
		<SimpleData name="持ち分"></SimpleData>
	</SchemaData></ExtendedData>
      <MultiGeometry><Polygon><outerBoundaryIs><LinearRing><coordinates>135.358226642834,33.9886481699369 135.358276104725,33.9886124810676 135.358386096536,33.9885546579649 135.358531633199,33.9884652746888 135.358645083265,33.988415314218 135.35886745126,33.9883365641976 135.35884987457,33.9882296499214 135.358984165198,33.9881214280297 135.35875322436,33.9880058023296 135.358689247526,33.9879795288895 135.358618399232,33.9879245324285 135.358462889327,33.9878578226883 135.358386796316,33.9877977669076 135.358338114148,33.9877542640911 135.35830490769,33.9877324876265 135.358241149232,33.9876904559945 135.358207242551,33.9877157593033 135.358203756249,33.987741967814 135.358197102807,33.9877543761146 135.358187546556,33.9877657666914 135.358163770841,33.9877998323083 135.358139404602,33.9878591739516 135.358110646075,33.9879442893056 135.358124311175,33.9880428596919 135.358105614592,33.9881339690899 135.35808367149,33.9881574846893 135.358029012014,33.9881850049015 135.357966680277,33.9882279835877 135.357870283027,33.9882973276127 135.357749126052,33.9883717716065 135.357690742823,33.9883918340136 135.357581966497,33.9884119398256 135.35748510428,33.9884279432611 135.357582353254,33.988419516201 135.35765717242,33.9884086359149 135.357736344483,33.9884133408531 135.357933026282,33.9884371057966 135.358074573201,33.9884665342516 135.358152297727,33.9884808063806 135.358226642834,33.9886481699369</coordinates></LinearRing></outerBoundaryIs></Polygon></MultiGeometry>
  </Placemark>
  <Placemark>
	<Style><LineStyle><color>ff0000ff</color></LineStyle><PolyStyle><fill>0</fill></PolyStyle></Style>
	<ExtendedData><SchemaData schemaUrl="#c392_hidakagunhidakagawachou">
		<SimpleData name="市町村">日高川町</SimpleData>
		<SimpleData name="大字">大字弥谷</SimpleData>
		<SimpleData name="字">字幸中</SimpleData>
		<SimpleData name="q_kyouyuushakanrenjouhou_tkigo"></SimpleData>
		<SimpleData name="地番">264-1</SimpleData>
		<SimpleData name="地目">保安林</SimpleData>
		<SimpleData name="面積">1.2403</SimpleData>
		<SimpleData name="乙区分"></SimpleData>
		<SimpleData name="共有者数">0</SimpleData>
		<SimpleData name="登記年月日">2014/11/28</SimpleData>
		<SimpleData name="q_kyouyuushakanrenjouhou_keyno"></SimpleData>
		<SimpleData name="持ち分"></SimpleData>
	</SchemaData></ExtendedData>
      <MultiGeometry><Polygon><outerBoundaryIs><LinearRing><coordinates>135.358657487923,33.9900820156896 135.35861685624,33.9899365107905 135.358552053528,33.989785307962 135.358489606105,33.9895194787346 135.35839644763,33.9893793889693 135.358384043474,33.9893246791101 135.358385623467,33.989229810908 135.358441378024,33.9890827168279 135.358298440441,33.988928554864 135.358251032865,33.988780067148 135.358226642834,33.9886481699369 135.358152297727,33.9884808063806 135.358074573201,33.9884665342516 135.357933026282,33.9884371057966 135.357736344483,33.9884133408531 135.35765717242,33.9884086359149 135.357582353254,33.988419516201 135.35748510428,33.9884279432611 135.357441407768,33.9884610653091 135.357465256762,33.9885366890826 135.357446764012,33.9885893912014 135.357502164687,33.9886906770362 135.357507668651,33.9887589750555 135.357373852086,33.9888961500137 135.357302689887,33.9889487113356 135.357294245444,33.9890037460662 135.357259173441,33.9890688559391 135.357192193111,33.9890922641149 135.357109942253,33.9891729244045 135.357164136498,33.9892290158079 135.357262376411,33.9892831752515 135.357350149508,33.9893086261464 135.35744712946,33.9893661310164 135.357649660489,33.9894904293981 135.357801719312,33.9895500247426 135.358023258667,33.9895976503551 135.358140172505,33.9897020878772 135.358220745808,33.9897982952482 135.358294464037,33.9898736930109 135.358347607133,33.98996035172 135.358495883198,33.9900208199692 135.358657487923,33.9900820156896</coordinates></LinearRing></outerBoundaryIs></Polygon></MultiGeometry>
  </Placemark>
  <Placemark>
	<Style><LineStyle><color>ff0000ff</color></LineStyle><PolyStyle><fill>0</fill></PolyStyle></Style>
	<ExtendedData><SchemaData schemaUrl="#c392_hidakagunhidakagawachou">
		<SimpleData name="市町村">日高川町</SimpleData>
		<SimpleData name="大字">大字弥谷</SimpleData>
		<SimpleData name="字">字幸中</SimpleData>
		<SimpleData name="q_kyouyuushakanrenjouhou_tkigo"></SimpleData>
		<SimpleData name="地番">264-13</SimpleData>
		<SimpleData name="地目">公衆用道路</SimpleData>
		<SimpleData name="面積">0.4732</SimpleData>
		<SimpleData name="乙区分"></SimpleData>
		<SimpleData name="共有者数">0</SimpleData>
		<SimpleData name="登記年月日">2014/11/28</SimpleData>
		<SimpleData name="q_kyouyuushakanrenjouhou_keyno"></SimpleData>
		<SimpleData name="持ち分"></SimpleData>
	</SchemaData></ExtendedData>
      <MultiGeometry><Polygon><outerBoundaryIs><LinearRing><coordinates>135.355392873567,33.9902508198114 135.355450883445,33.9902130680405 135.355427728842,33.9901988988851 135.35543011626,33.9901795900769 135.355522340175,33.9901933267435 135.35567220577,33.9901991516385 135.355701564749,33.990204274114 135.355903187112,33.9902179612402 135.356021403138,33.9901881420025 135.356230617533,33.9900977514045 135.356267505446,33.9900632769402 135.356257720738,33.9899497330634 135.356249620789,33.9899042950516 135.356353034487,33.9898437787531 135.356481694708,33.9897808077244 135.356553087405,33.9897150576683 135.356574857626,33.9896196648789 135.356594470728,33.9895435009788 135.356603100855,33.9894554235806 135.356635780638,33.9893774977509 135.356642335181,33.9893409179882 135.356695986353,33.9892550333679 135.356679725402,33.9892627021171 135.356554294732,33.9892876327527 135.35651206949,33.9892864300716 135.356440019726,33.9893375878598 135.356419016393,33.9893743183336 135.356377791056,33.9894199401001 135.356295255404,33.9895009039868 135.356235336634,33.9895536407113 135.356173732361,33.9896033851864 135.356109637859,33.9896543680202 135.355995743375,33.9897371429896 135.355899907312,33.9898005287852 135.355816744718,33.9898524412655 135.355745593325,33.9898964536414 135.355664920328,33.9899441676736 135.355584499303,33.9899871675968 135.355495640074,33.9900324412807 135.355418860397,33.9900662178537 135.35536578126,33.9900890117335 135.35533206904,33.9900555028922 135.355281546851,33.9900577536235 135.355392873567,33.9902508198114</coordinates></LinearRing></outerBoundaryIs></Polygon></MultiGeometry>
  </Placemark>
  <Placemark>
	<Style><LineStyle><color>ff0000ff</color></LineStyle><PolyStyle><fill>0</fill></PolyStyle></Style>
	<ExtendedData><SchemaData schemaUrl="#c392_hidakagunhidakagawachou">
		<SimpleData name="市町村">日高川町</SimpleData>
		<SimpleData name="大字">大字弥谷</SimpleData>
		<SimpleData name="字">字幸中</SimpleData>
		<SimpleData name="q_kyouyuushakanrenjouhou_tkigo"></SimpleData>
		<SimpleData name="地番">264-4</SimpleData>
		<SimpleData name="地目">保安林</SimpleData>
		<SimpleData name="面積">0.318</SimpleData>
		<SimpleData name="乙区分"></SimpleData>
		<SimpleData name="共有者数">0</SimpleData>
		<SimpleData name="登記年月日">2014/11/28</SimpleData>
		<SimpleData name="q_kyouyuushakanrenjouhou_keyno"></SimpleData>
		<SimpleData name="持ち分"></SimpleData>
	</SchemaData></ExtendedData>
      <MultiGeometry><Polygon><outerBoundaryIs><LinearRing><coordinates>135.356877284652,33.9902073961293 135.35684105647,33.9900826405985 135.356808441531,33.9899377540541 135.356782882908,33.9898606507216 135.356770752485,33.9897756303004 135.35674226514,33.9896519700771 135.356726097478,33.9895393746981 135.356716978441,33.9894325061762 135.356734779749,33.9893438086307 135.356746879623,33.9892462744291 135.356695986353,33.9892550333679 135.356642335181,33.9893409179882 135.356635780638,33.9893774977509 135.356603100855,33.9894554235806 135.356594470728,33.9895435009788 135.356574857626,33.9896196648789 135.356553087405,33.9897150576683 135.356481694708,33.9897808077244 135.356353034487,33.9898437787531 135.356249620789,33.9899042950516 135.356257720738,33.9899497330634 135.356267505446,33.9900632769402 135.356230617533,33.9900977514045 135.356021403138,33.9901881420025 135.355903187112,33.9902179612402 135.355701564749,33.990204274114 135.355887984607,33.9902329293778 135.355980382441,33.9902237740526 135.356085844524,33.9902086120429 135.3562065197,33.9901928524464 135.356401949688,33.9901807106356 135.356577642389,33.9901923946982 135.356753627106,33.9901953534371 135.356877284652,33.9902073961293</coordinates></LinearRing></outerBoundaryIs></Polygon></MultiGeometry>
  </Placemark>
  <Placemark>
	<Style><LineStyle><color>ff0000ff</color></LineStyle><PolyStyle><fill>0</fill></PolyStyle></Style>
	<ExtendedData><SchemaData schemaUrl="#c392_hidakagunhidakagawachou">
		<SimpleData name="市町村">日高川町</SimpleData>
		<SimpleData name="大字">大字弥谷</SimpleData>
		<SimpleData name="字">字幸中</SimpleData>
		<SimpleData name="q_kyouyuushakanrenjouhou_tkigo"></SimpleData>
		<SimpleData name="地番">278-3</SimpleData>
		<SimpleData name="地目">公衆用道路</SimpleData>
		<SimpleData name="面積">0.5396</SimpleData>
		<SimpleData name="乙区分"></SimpleData>
		<SimpleData name="共有者数">0</SimpleData>
		<SimpleData name="登記年月日">2014/11/28</SimpleData>
		<SimpleData name="q_kyouyuushakanrenjouhou_keyno"></SimpleData>
		<SimpleData name="持ち分"></SimpleData>
	</SchemaData></ExtendedData>
      <MultiGeometry><Polygon><outerBoundaryIs><LinearRing><coordinates>135.353729563348,33.9908391892327 135.353885323048,33.9908173410692 135.353893732093,33.9907888937331 135.353972281235,33.9907331463797 135.354068982458,33.9906902140656 135.354219036277,33.9906714009641 135.354309208653,33.9906772207306 135.354359133079,33.9906853627258 135.354448630709,33.9907288838101 135.354504937534,33.9907532700238 135.35458154467,33.9907537530687 135.354749512316,33.9907808797138 135.354794477032,33.9907448080474 135.354841412454,33.9907114965817 135.35488187911,33.9906203675579 135.354947314294,33.9905538749516 135.354958129619,33.9904832470209 135.354993235491,33.9903926208928 135.35503044709,33.990358365788 135.355046371706,33.9903234860729 135.355105718697,33.9903278363374 135.355184309652,33.9903179790205 135.355329656817,33.9902715860528 135.355361366479,33.9903196010838 135.355370203197,33.9903175818156 135.35535297448,33.9902655962761 135.355236566408,33.9900717641109 135.354977774548,33.9901466740737 135.354865232189,33.990172041099 135.354706848751,33.9902446269863 135.354432151339,33.9903475832287 135.353965770607,33.9904991638261 135.353759866347,33.9905494827452 135.35368001039,33.9905619660808 135.353729563348,33.9908391892327</coordinates></LinearRing></outerBoundaryIs></Polygon></MultiGeometry>
  </Placemark>
  <Placemark>
	<Style><LineStyle><color>ff0000ff</color></LineStyle><PolyStyle><fill>0</fill></PolyStyle></Style>
	<ExtendedData><SchemaData schemaUrl="#c392_hidakagunhidakagawachou">
		<SimpleData name="市町村">日高川町</SimpleData>
		<SimpleData name="大字">大字弥谷</SimpleData>
		<SimpleData name="字">字幸中</SimpleData>
		<SimpleData name="q_kyouyuushakanrenjouhou_tkigo"></SimpleData>
		<SimpleData name="地番">96</SimpleData>
		<SimpleData name="地目">山林</SimpleData>
		<SimpleData name="面積">0.0273</SimpleData>
		<SimpleData name="乙区分"></SimpleData>
		<SimpleData name="共有者数">0</SimpleData>
		<SimpleData name="登記年月日">2014/11/28</SimpleData>
		<SimpleData name="q_kyouyuushakanrenjouhou_keyno"></SimpleData>
		<SimpleData name="持ち分"></SimpleData>
	</SchemaData></ExtendedData>
      <MultiGeometry><Polygon><outerBoundaryIs><LinearRing><coordinates>135.355991329886,33.9907280609009 135.355909914338,33.9906676701069 135.355832919464,33.990604975372 135.35573326341,33.9905965365951 135.355687697245,33.9905732530478 135.355633813143,33.9905463555787 135.355574968322,33.9905772608076 135.355628480847,33.9906188263104 135.355788288057,33.9906931878666 135.35588380457,33.9907209262425 135.355991329886,33.9907280609009</coordinates></LinearRing></outerBoundaryIs></Polygon></MultiGeometry>
  </Placemark>
  <Placemark>
	<Style><LineStyle><color>ff0000ff</color></LineStyle><PolyStyle><fill>0</fill></PolyStyle></Style>
	<ExtendedData><SchemaData schemaUrl="#c392_hidakagunhidakagawachou">
		<SimpleData name="市町村">日高川町</SimpleData>
		<SimpleData name="大字">大字弥谷</SimpleData>
		<SimpleData name="字">字幸中</SimpleData>
		<SimpleData name="q_kyouyuushakanrenjouhou_tkigo"></SimpleData>
		<SimpleData name="地番">95</SimpleData>
		<SimpleData name="地目">山林</SimpleData>
		<SimpleData name="面積">0.0661</SimpleData>
		<SimpleData name="乙区分"></SimpleData>
		<SimpleData name="共有者数">0</SimpleData>
		<SimpleData name="登記年月日">2014/11/28</SimpleData>
		<SimpleData name="q_kyouyuushakanrenjouhou_keyno"></SimpleData>
		<SimpleData name="持ち分"></SimpleData>
	</SchemaData></ExtendedData>
      <MultiGeometry><Polygon><outerBoundaryIs><LinearRing><coordinates>135.356064162912,33.9907526230687 135.356080359822,33.9906731334139 135.356043448786,33.9905599686824 135.355980123543,33.9904846330069 135.355796038898,33.9905322836083 135.355686056513,33.9905022442568 135.355655024473,33.9904636545915 135.355552908419,33.9904655270223 135.355550717029,33.990524968033 135.355574968322,33.9905772608076 135.355633813143,33.9905463555787 135.355687697245,33.9905732530478 135.35573326341,33.9905965365951 135.355832919464,33.990604975372 135.355909914338,33.9906676701069 135.355991329886,33.9907280609009 135.356064162912,33.9907526230687</coordinates></LinearRing></outerBoundaryIs></Polygon></MultiGeometry>
  </Placemark>
  <Placemark>
	<Style><LineStyle><color>ff0000ff</color></LineStyle><PolyStyle><fill>0</fill></PolyStyle></Style>
	<ExtendedData><SchemaData schemaUrl="#c392_hidakagunhidakagawachou">
		<SimpleData name="市町村">日高川町</SimpleData>
		<SimpleData name="大字">大字弥谷</SimpleData>
		<SimpleData name="字">字幸中</SimpleData>
		<SimpleData name="q_kyouyuushakanrenjouhou_tkigo"></SimpleData>
		<SimpleData name="地番">278-1</SimpleData>
		<SimpleData name="地目">保安林</SimpleData>
		<SimpleData name="面積">0.2585</SimpleData>
		<SimpleData name="乙区分"></SimpleData>
		<SimpleData name="共有者数">0</SimpleData>
		<SimpleData name="登記年月日">2014/11/28</SimpleData>
		<SimpleData name="q_kyouyuushakanrenjouhou_keyno"></SimpleData>
		<SimpleData name="持ち分"></SimpleData>
	</SchemaData></ExtendedData>
      <MultiGeometry><Polygon><outerBoundaryIs><LinearRing><coordinates>135.354769246866,33.9910066629979 135.354887712511,33.9909841130773 135.35499473046,33.9909610170639 135.355075017612,33.9909416288722 135.355144478142,33.9908768802255 135.355173850773,33.9907926713513 135.355203420918,33.9906996449423 135.355233677865,33.9906202922016 135.35528230042,33.9905571815686 135.355319083297,33.9904979948558 135.355381561625,33.9904186567346 135.355478136606,33.9903736678931 135.355483553558,33.9903070589193 135.35542104243,33.9902717862692 135.35535297448,33.9902655962761 135.355370203197,33.9903175818156 135.355361366479,33.9903196010838 135.355329656817,33.9902715860528 135.355184309652,33.9903179790205 135.355105718697,33.9903278363374 135.355046371706,33.9903234860729 135.35503044709,33.990358365788 135.354993235491,33.9903926208928 135.354958129619,33.9904832470209 135.354947314294,33.9905538749516 135.35488187911,33.9906203675579 135.354841412454,33.9907114965817 135.354794477032,33.9907448080474 135.354774419007,33.9909067927154 135.354769246866,33.9910066629979</coordinates></LinearRing></outerBoundaryIs></Polygon></MultiGeometry>
  </Placemark>
  <Placemark>
	<Style><LineStyle><color>ff0000ff</color></LineStyle><PolyStyle><fill>0</fill></PolyStyle></Style>
	<ExtendedData><SchemaData schemaUrl="#c392_hidakagunhidakagawachou">
		<SimpleData name="市町村">日高川町</SimpleData>
		<SimpleData name="大字">大字弥谷</SimpleData>
		<SimpleData name="字">字幸中</SimpleData>
		<SimpleData name="q_kyouyuushakanrenjouhou_tkigo"></SimpleData>
		<SimpleData name="地番">265-1</SimpleData>
		<SimpleData name="地目">保安林</SimpleData>
		<SimpleData name="面積">0.0753</SimpleData>
		<SimpleData name="乙区分"></SimpleData>
		<SimpleData name="共有者数">0</SimpleData>
		<SimpleData name="登記年月日">2014/11/28</SimpleData>
		<SimpleData name="q_kyouyuushakanrenjouhou_keyno"></SimpleData>
		<SimpleData name="持ち分"></SimpleData>
	</SchemaData></ExtendedData>
      <MultiGeometry><Polygon><outerBoundaryIs><LinearRing><coordinates>135.355552908419,33.9904655270223 135.355655024473,33.9904636545915 135.355719272232,33.9904396658504 135.355779349042,33.9904003920274 135.355852294678,33.9903094318323 135.355887984607,33.9902329293778 135.355701564749,33.990204274114 135.35567220577,33.9901991516385 135.355522340175,33.9901933267435 135.35543011626,33.9901795900769 135.355427728842,33.9901988988851 135.355450883445,33.9902130680405 135.355484217846,33.9902334105892 135.355564865872,33.990328132425 135.35555786362,33.9904269563286 135.355552908419,33.9904655270223</coordinates></LinearRing></outerBoundaryIs></Polygon></MultiGeometry>
  </Placemark>
  <Placemark>
	<Style><LineStyle><color>ff0000ff</color></LineStyle><PolyStyle><fill>0</fill></PolyStyle></Style>
	<ExtendedData><SchemaData schemaUrl="#c392_hidakagunhidakagawachou">
		<SimpleData name="市町村">日高川町</SimpleData>
		<SimpleData name="大字">大字弥谷</SimpleData>
		<SimpleData name="字">字幸中</SimpleData>
		<SimpleData name="q_kyouyuushakanrenjouhou_tkigo"></SimpleData>
		<SimpleData name="地番">264-3</SimpleData>
		<SimpleData name="地目">保安林</SimpleData>
		<SimpleData name="面積">1.0317</SimpleData>
		<SimpleData name="乙区分"></SimpleData>
		<SimpleData name="共有者数">0</SimpleData>
		<SimpleData name="登記年月日">2014/11/28</SimpleData>
		<SimpleData name="q_kyouyuushakanrenjouhou_keyno"></SimpleData>
		<SimpleData name="持ち分"></SimpleData>
	</SchemaData></ExtendedData>
      <MultiGeometry><Polygon><outerBoundaryIs><LinearRing><coordinates>135.358613269272,33.990906607174 135.358745297196,33.9908853684427 135.358853431545,33.9908747431297 135.358761608061,33.9908148760955 135.358608280185,33.9907149088157 135.358508385512,33.9906458401471 135.3583696038,33.9905661271559 135.358180155478,33.9904793777794 135.357864160907,33.9902694680154 135.357635224371,33.9901560505977 135.357507420509,33.9900273288017 135.357265625583,33.9898175534145 135.357114062794,33.9897093258139 135.356868992646,33.9893612890728 135.3568447825,33.9892359489991 135.356746879623,33.9892462744291 135.356734779749,33.9893438086307 135.356716978441,33.9894325061762 135.356726097478,33.9895393746981 135.35674226514,33.9896519700771 135.356770752485,33.9897756303004 135.356782882908,33.9898606507216 135.356808441531,33.9899377540541 135.35684105647,33.9900826405985 135.356877284652,33.9902073961293 135.356987637756,33.9902155283425 135.357061857565,33.9902413323625 135.357151220563,33.9902929381506 135.357291090268,33.9903357547463 135.357371928201,33.9904170326226 135.357458123531,33.990548719911 135.357520221823,33.990634670192 135.357597825564,33.9907444928599 135.357758144077,33.9908720048399 135.357916568376,33.9908871951455 135.358037879117,33.9909007120717 135.358112190571,33.9908970326725 135.358227897534,33.9908743028472 135.35834980506,33.9908746691163 135.358480565479,33.9908836809005 135.358613269272,33.990906607174</coordinates></LinearRing></outerBoundaryIs></Polygon></MultiGeometry>
  </Placemark>
  <Placemark>
	<Style><LineStyle><color>ff0000ff</color></LineStyle><PolyStyle><fill>0</fill></PolyStyle></Style>
	<ExtendedData><SchemaData schemaUrl="#c392_hidakagunhidakagawachou">
		<SimpleData name="市町村">日高川町</SimpleData>
		<SimpleData name="大字">大字弥谷</SimpleData>
		<SimpleData name="字">字幸中</SimpleData>
		<SimpleData name="q_kyouyuushakanrenjouhou_tkigo"></SimpleData>
		<SimpleData name="地番">264-2</SimpleData>
		<SimpleData name="地目">保安林</SimpleData>
		<SimpleData name="面積">1.2361</SimpleData>
		<SimpleData name="乙区分"></SimpleData>
		<SimpleData name="共有者数">0</SimpleData>
		<SimpleData name="登記年月日">2014/11/28</SimpleData>
		<SimpleData name="q_kyouyuushakanrenjouhou_keyno"></SimpleData>
		<SimpleData name="持ち分"></SimpleData>
	</SchemaData></ExtendedData>
      <MultiGeometry><Polygon><outerBoundaryIs><LinearRing><coordinates>135.359018076135,33.9908819212467 135.358973465432,33.9908263927034 135.358943690392,33.9907166298753 135.358894146767,33.9905971890208 135.35885337816,33.990530358142 135.358805298606,33.9904163335865 135.358767538385,33.99035249274 135.358709735734,33.9902879171955 135.358672270127,33.99013589221 135.358657487923,33.9900820156896 135.358495883198,33.9900208199692 135.358347607133,33.98996035172 135.358294464037,33.9898736930109 135.358220745808,33.9897982952482 135.358140172505,33.9897020878772 135.358023258667,33.9895976503551 135.357801719312,33.9895500247426 135.357649660489,33.9894904293981 135.35744712946,33.9893661310164 135.357350149508,33.9893086261464 135.357262376411,33.9892831752515 135.357164136498,33.9892290158079 135.357109942253,33.9891729244045 135.35698458733,33.9892210270365 135.3568447825,33.9892359489991 135.356868992646,33.9893612890728 135.357114062794,33.9897093258139 135.357265625583,33.9898175534145 135.357507420509,33.9900273288017 135.357635224371,33.9901560505977 135.357864160907,33.9902694680154 135.358180155478,33.9904793777794 135.3583696038,33.9905661271559 135.358508385512,33.9906458401471 135.358608280185,33.9907149088157 135.358761608061,33.9908148760955 135.358853431545,33.9908747431297 135.358883728545,33.9908717634376 135.358922216298,33.9908736490839 135.359018076135,33.9908819212467</coordinates></LinearRing></outerBoundaryIs></Polygon></MultiGeometry>
  </Placemark>
  <Placemark>
	<Style><LineStyle><color>ff0000ff</color></LineStyle><PolyStyle><fill>0</fill></PolyStyle></Style>
	<ExtendedData><SchemaData schemaUrl="#c392_hidakagunhidakagawachou">
		<SimpleData name="市町村">日高川町</SimpleData>
		<SimpleData name="大字">大字弥谷</SimpleData>
		<SimpleData name="字">字幸中</SimpleData>
		<SimpleData name="q_kyouyuushakanrenjouhou_tkigo"></SimpleData>
		<SimpleData name="地番">262</SimpleData>
		<SimpleData name="地目">保安林</SimpleData>
		<SimpleData name="面積">4.7837</SimpleData>
		<SimpleData name="乙区分"></SimpleData>
		<SimpleData name="共有者数">0</SimpleData>
		<SimpleData name="登記年月日">2014/11/28</SimpleData>
		<SimpleData name="q_kyouyuushakanrenjouhou_keyno"></SimpleData>
		<SimpleData name="持ち分"></SimpleData>
	</SchemaData></ExtendedData>
      <MultiGeometry><Polygon><outerBoundaryIs><LinearRing><coordinates>135.360672833132,33.9911087900257 135.360670426757,33.9910137216719 135.360664042151,33.990876365563 135.360632975199,33.9907856120962 135.360609185472,33.9906711293209 135.360597978734,33.9906138554431 135.360524404353,33.9905553098326 135.360444533463,33.9904456656345 135.360392552448,33.9903191540568 135.360292145016,33.990156605202 135.360278700781,33.9900598195886 135.360255749154,33.9899205380318 135.360163042578,33.9898207986171 135.36013619845,33.9895712579513 135.360142861894,33.9894128000393 135.360159355059,33.9892457288497 135.360251434529,33.9890505059924 135.360257807527,33.9889596576688 135.36013453129,33.9889055786717 135.359886377575,33.9887305591051 135.359795065766,33.9885563363183 135.359661931528,33.9884212498234 135.359527923475,33.9883086283568 135.359456034531,33.9882088696395 135.359387160515,33.9881560829043 135.359239394116,33.9881636090796 135.359071588494,33.9881398965745 135.358984165198,33.9881214280297 135.35884987457,33.9882296499214 135.35886745126,33.9883365641976 135.358645083265,33.988415314218 135.358531633199,33.9884652746888 135.358386096536,33.9885546579649 135.358276104725,33.9886124810676 135.358226642834,33.9886481699369 135.358251032865,33.988780067148 135.358298440441,33.988928554864 135.358441378024,33.9890827168279 135.358385623467,33.989229810908 135.358384043474,33.9893246791101 135.35839644763,33.9893793889693 135.358489606105,33.9895194787346 135.358552053528,33.989785307962 135.35861685624,33.9899365107905 135.358657487923,33.9900820156896 135.358672270127,33.99013589221 135.358709735734,33.9902879171955 135.358767538385,33.99035249274 135.358805298606,33.9904163335865 135.35885337816,33.990530358142 135.358894146767,33.9905971890208 135.358943690392,33.9907166298753 135.358973465432,33.9908263927034 135.359018076135,33.9908819212467 135.359171377469,33.9910012443611 135.35923731224,33.9910582795718 135.359350306471,33.9911197991347 135.359454957463,33.9911696697429 135.359693859909,33.9912208259799 135.359897687852,33.9912149091248 135.359994110488,33.9911900478009 135.360146845149,33.9911371428451 135.360348836493,33.9911016972561 135.360506711766,33.9910877127647 135.36059416725,33.9910910623529 135.360672833132,33.9911087900257</coordinates></LinearRing></outerBoundaryIs></Polygon></MultiGeometry>
  </Placemark>
  <Placemark>
	<Style><LineStyle><color>ff0000ff</color></LineStyle><PolyStyle><fill>0</fill></PolyStyle></Style>
	<ExtendedData><SchemaData schemaUrl="#c392_hidakagunhidakagawachou">
		<SimpleData name="市町村">日高川町</SimpleData>
		<SimpleData name="大字">大字弥谷</SimpleData>
		<SimpleData name="字">字幸中</SimpleData>
		<SimpleData name="q_kyouyuushakanrenjouhou_tkigo"></SimpleData>
		<SimpleData name="地番">266</SimpleData>
		<SimpleData name="地目">保安林</SimpleData>
		<SimpleData name="面積">1.3915</SimpleData>
		<SimpleData name="乙区分"></SimpleData>
		<SimpleData name="共有者数">0</SimpleData>
		<SimpleData name="登記年月日">2014/11/28</SimpleData>
		<SimpleData name="q_kyouyuushakanrenjouhou_keyno"></SimpleData>
		<SimpleData name="持ち分"></SimpleData>
	</SchemaData></ExtendedData>
      <MultiGeometry><Polygon><outerBoundaryIs><LinearRing><coordinates>135.357758144077,33.9908720048399 135.357597825564,33.9907444928599 135.357520221823,33.990634670192 135.357458123531,33.990548719911 135.357371928201,33.9904170326226 135.357291090268,33.9903357547463 135.357151220563,33.9902929381506 135.357061857565,33.9902413323625 135.356987637756,33.9902155283425 135.356877284652,33.9902073961293 135.356753627106,33.9901953534371 135.356577642389,33.9901923946982 135.356401949688,33.9901807106356 135.3562065197,33.9901928524464 135.356085844524,33.9902086120429 135.355980382441,33.9902237740526 135.355887984607,33.9902329293778 135.355852294678,33.9903094318323 135.355779349042,33.9904003920274 135.355719272232,33.9904396658504 135.355655024473,33.9904636545915 135.355686056513,33.9905022442568 135.355796038898,33.9905322836083 135.355980123543,33.9904846330069 135.356043448786,33.9905599686824 135.356080359822,33.9906731334139 135.356064162912,33.9907526230687 135.356101831213,33.9908014264408 135.356106717261,33.9908740209958 135.356134259445,33.9909664990217 135.356168566391,33.9910303126706 135.356330353844,33.9912036715885 135.356366432122,33.9914160260335 135.35636328741,33.9914799511381 135.356393509685,33.9915513799142 135.356523208301,33.9915480020315 135.356577284848,33.9914244129625 135.356618918031,33.9913407366948 135.356674767653,33.9912748340834 135.356702221406,33.9912026241358 135.356800673444,33.9910665643179 135.356850670142,33.9909342993145 135.357171215485,33.9908992252832 135.357305432662,33.9908832639883 135.357244099715,33.9911842857849 135.357306320168,33.9911163154335 135.357404296774,33.9910316249819 135.357523987653,33.9909727543019 135.357590352509,33.9909609833223 135.357692734401,33.9909037162049 135.357758144077,33.9908720048399</coordinates></LinearRing></outerBoundaryIs></Polygon></MultiGeometry>
  </Placemark>
  <Placemark>
	<Style><LineStyle><color>ff0000ff</color></LineStyle><PolyStyle><fill>0</fill></PolyStyle></Style>
	<ExtendedData><SchemaData schemaUrl="#c392_hidakagunhidakagawachou">
		<SimpleData name="市町村">日高川町</SimpleData>
		<SimpleData name="大字">大字弥谷</SimpleData>
		<SimpleData name="字">字幸中</SimpleData>
		<SimpleData name="q_kyouyuushakanrenjouhou_tkigo"></SimpleData>
		<SimpleData name="地番">267</SimpleData>
		<SimpleData name="地目">保安林</SimpleData>
		<SimpleData name="面積">2.5293</SimpleData>
		<SimpleData name="乙区分">有</SimpleData>
		<SimpleData name="共有者数">0</SimpleData>
		<SimpleData name="登記年月日">2014/11/28</SimpleData>
		<SimpleData name="q_kyouyuushakanrenjouhou_keyno"></SimpleData>
		<SimpleData name="持ち分"></SimpleData>
	</SchemaData></ExtendedData>
      <MultiGeometry><Polygon><outerBoundaryIs><LinearRing><coordinates>135.359019394187,33.9920902091722 135.359068887145,33.9919742046324 135.359101634187,33.9918871552177 135.359192922559,33.9916277441482 135.359198556762,33.9915649850742 135.359245025844,33.9914508769969 135.359289400076,33.9913722810848 135.359348316486,33.9912783714463 135.359454957463,33.9911696697429 135.359350306471,33.9911197991347 135.35923731224,33.9910582795718 135.359171377469,33.9910012443611 135.359018076135,33.9908819212467 135.358922216298,33.9908736490839 135.358883728545,33.9908717634376 135.358853431545,33.9908747431297 135.358745297196,33.9908853684427 135.358613269272,33.990906607174 135.358480565479,33.9908836809005 135.35834980506,33.9908746691163 135.358227897534,33.9908743028472 135.358112190571,33.9908970326725 135.358037879117,33.9909007120717 135.357916568376,33.9908871951455 135.357758144077,33.9908720048399 135.357692734401,33.9909037162049 135.357590352509,33.9909609833223 135.357523987653,33.9909727543019 135.357404296774,33.9910316249819 135.357306320168,33.9911163154335 135.357244099715,33.9911842857849 135.357305432662,33.9908832639883 135.357171215485,33.9908992252832 135.356850670142,33.9909342993145 135.356800673444,33.9910665643179 135.356702221406,33.9912026241358 135.356674767653,33.9912748340834 135.356618918031,33.9913407366948 135.356679232102,33.9913920917332 135.35683091056,33.9913932012198 135.356973172878,33.991443208335 135.357023829775,33.9915466162656 135.357209345493,33.9916427487666 135.357297317346,33.9917240639543 135.3572963294,33.9918135877926 135.357318014006,33.9918863800437 135.357332563434,33.9919853337458 135.357433210746,33.9920535697016 135.357525834393,33.9919916445937 135.357647272176,33.9919467658664 135.357779445248,33.9918834611337 135.358058126521,33.9919935756226 135.358125856634,33.992052101217 135.358199962275,33.992123723333 135.358427520069,33.9920816513816 135.358575998342,33.9920119915829 135.358768278485,33.9920522406017 135.358949766596,33.9921399844409 135.359019394187,33.9920902091722</coordinates></LinearRing></outerBoundaryIs></Polygon></MultiGeometry>
  </Placemark>
  <Placemark>
	<Style><LineStyle><color>ff0000ff</color></LineStyle><PolyStyle><fill>0</fill></PolyStyle></Style>
	<ExtendedData><SchemaData schemaUrl="#c392_hidakagunhidakagawachou">
		<SimpleData name="市町村">日高川町</SimpleData>
		<SimpleData name="大字">大字弥谷</SimpleData>
		<SimpleData name="字">字幸中</SimpleData>
		<SimpleData name="q_kyouyuushakanrenjouhou_tkigo"></SimpleData>
		<SimpleData name="地番">266-2</SimpleData>
		<SimpleData name="地目">保安林</SimpleData>
		<SimpleData name="面積">0.3897</SimpleData>
		<SimpleData name="乙区分"></SimpleData>
		<SimpleData name="共有者数">0</SimpleData>
		<SimpleData name="登記年月日">2014/11/28</SimpleData>
		<SimpleData name="q_kyouyuushakanrenjouhou_keyno"></SimpleData>
		<SimpleData name="持ち分"></SimpleData>
	</SchemaData></ExtendedData>
      <MultiGeometry><Polygon><outerBoundaryIs><LinearRing><coordinates>135.35760470719,33.9921530562744 135.357661520536,33.9921992705567 135.357866525282,33.9922244414202 135.358203167393,33.992241615394 135.358366327542,33.9922360921094 135.358482910712,33.9922221662578 135.358928946292,33.9922258968277 135.359019394187,33.9920902091722 135.358949766596,33.9921399844409 135.358768278485,33.9920522406017 135.358575998342,33.9920119915829 135.358427520069,33.9920816513816 135.358199962275,33.992123723333 135.358125856634,33.992052101217 135.358058126521,33.9919935756226 135.357779445248,33.9918834611337 135.357647272176,33.9919467658664 135.357525834393,33.9919916445937 135.357433210746,33.9920535697016 135.357332563434,33.9919853337458 135.357318014006,33.9918863800437 135.3572963294,33.9918135877926 135.357297317346,33.9917240639543 135.357209345493,33.9916427487666 135.357023829775,33.9915466162656 135.356973172878,33.991443208335 135.35683091056,33.9913932012198 135.356679232102,33.9913920917332 135.356618918031,33.9913407366948 135.356577284848,33.9914244129625 135.356523208301,33.9915480020315 135.35669670037,33.9914871126638 135.356792214023,33.991450889832 135.356937877208,33.9915609713261 135.357130538435,33.9916222412124 135.357248573386,33.9917144236404 135.357245209889,33.9917929715969 135.357166109888,33.9918889584236 135.35721561832,33.9919481628794 135.357367849476,33.9920616050877 135.35760470719,33.9921530562744</coordinates></LinearRing></outerBoundaryIs></Polygon></MultiGeometry>
  </Placemark>
  <Placemark>
	<Style><LineStyle><color>ff0000ff</color></LineStyle><PolyStyle><fill>0</fill></PolyStyle></Style>
	<ExtendedData><SchemaData schemaUrl="#c392_hidakagunhidakagawachou">
		<SimpleData name="市町村">日高川町</SimpleData>
		<SimpleData name="大字">大字弥谷</SimpleData>
		<SimpleData name="字">字幸中</SimpleData>
		<SimpleData name="q_kyouyuushakanrenjouhou_tkigo"></SimpleData>
		<SimpleData name="地番">269</SimpleData>
		<SimpleData name="地目">保安林</SimpleData>
		<SimpleData name="面積">1.411</SimpleData>
		<SimpleData name="乙区分"></SimpleData>
		<SimpleData name="共有者数">0</SimpleData>
		<SimpleData name="登記年月日">2014/11/28</SimpleData>
		<SimpleData name="q_kyouyuushakanrenjouhou_keyno"></SimpleData>
		<SimpleData name="持ち分"></SimpleData>
	</SchemaData></ExtendedData>
      <MultiGeometry><Polygon><outerBoundaryIs><LinearRing><coordinates>135.35815860175,33.9937129852085 135.358268645437,33.9937025678493 135.358426654686,33.993652577722 135.35864065473,33.9936175582583 135.358775547767,33.993601643995 135.358918202507,33.9935539272832 135.359059927479,33.9935031572477 135.35921294804,33.9934430782456 135.359355351262,33.9932889148822 135.3590799642,33.9933042422092 135.358946731153,33.9932663840534 135.358878012477,33.9932223965869 135.358746858288,33.9930751307393 135.358620414752,33.9928999847545 135.358576105031,33.9927669929811 135.358588973852,33.9925408492445 135.358587272758,33.9924359210461 135.358550984752,33.9923170901514 135.358482910712,33.9922221662578 135.358366327542,33.9922360921094 135.358203167393,33.992241615394 135.357866525282,33.9922244414202 135.357661520536,33.9921992705567 135.35760470719,33.9921530562744 135.357556084863,33.9921989823959 135.357599844877,33.9923329985903 135.357689534035,33.992402150847 135.357733054021,33.9924702866461 135.357745097352,33.9925211637566 135.357827806557,33.9926459632607 135.357833813405,33.9927555301323 135.357727969598,33.9928811738196 135.357739814153,33.9929773201807 135.357773906658,33.9930683164277 135.3578029065,33.9931486562048 135.357797637867,33.9932590649109 135.357824999382,33.9933400732313 135.357899869509,33.993417812364 135.357944717374,33.9935010378948 135.358026270588,33.9935422338756 135.358068154252,33.9936166280388 135.35815860175,33.9937129852085</coordinates></LinearRing></outerBoundaryIs></Polygon></MultiGeometry>
  </Placemark>
  <Placemark>
	<Style><LineStyle><color>ff0000ff</color></LineStyle><PolyStyle><fill>0</fill></PolyStyle></Style>
	<ExtendedData><SchemaData schemaUrl="#c392_hidakagunhidakagawachou">
		<SimpleData name="市町村">日高川町</SimpleData>
		<SimpleData name="大字">大字弥谷</SimpleData>
		<SimpleData name="字">字幸中</SimpleData>
		<SimpleData name="q_kyouyuushakanrenjouhou_tkigo"></SimpleData>
		<SimpleData name="地番">277</SimpleData>
		<SimpleData name="地目">保安林</SimpleData>
		<SimpleData name="面積">1.8822</SimpleData>
		<SimpleData name="乙区分"></SimpleData>
		<SimpleData name="共有者数">0</SimpleData>
		<SimpleData name="登記年月日">2014/11/28</SimpleData>
		<SimpleData name="q_kyouyuushakanrenjouhou_keyno"></SimpleData>
		<SimpleData name="持ち分"></SimpleData>
	</SchemaData></ExtendedData>
      <MultiGeometry><Polygon><outerBoundaryIs><LinearRing><coordinates>135.355963064629,33.9934600887468 135.356022053517,33.9934390295938 135.356132412654,33.9934354237841 135.356281284244,33.9933674196867 135.356331795143,33.9933337657395 135.356392686841,33.9932439341299 135.35645783614,33.9931869060677 135.356572638102,33.993097887394 135.3566738369,33.9930183625634 135.356817993804,33.9928747429229 135.356880606504,33.9928553441128 135.356967807207,33.9928754899807 135.35705094885,33.9928292486243 135.357218834491,33.9927931701594 135.357411418366,33.9927817160671 135.357545137483,33.9927733533312 135.357651587187,33.9927542001664 135.357754012497,33.9927288490317 135.357669717298,33.9925571949074 135.357609426481,33.9924550992674 135.357488753358,33.9923479620761 135.357479170674,33.9922044591751 135.357427579334,33.9921274274063 135.357295615762,33.9921037382558 135.357173735147,33.9919861629219 135.357100321534,33.991923532772 135.357083899464,33.9917872610006 135.35706704149,33.9917304261263 135.357003361893,33.9916600839994 135.356924676192,33.9916925811804 135.356802547575,33.9915905387701 135.356730903127,33.9915432899492 135.356679304137,33.9915477003631 135.356619541447,33.9915897631079 135.356459344301,33.9916875514131 135.356311177736,33.9916682123337 135.356184595223,33.9917681677795 135.356125457518,33.9919883448489 135.356172428859,33.9921655569242 135.356084214059,33.9924323478353 135.355985808702,33.9926147946482 135.355942402053,33.9926940615797 135.355957246497,33.9927994832488 135.356001856524,33.9929496620251 135.356039814504,33.9930590436848 135.356062858466,33.9931423730502 135.356068703259,33.9931942096309 135.356059078176,33.9932705609133 135.35604579427,33.9933569819567 135.355963064629,33.9934600887468</coordinates></LinearRing></outerBoundaryIs></Polygon></MultiGeometry>
  </Placemark>
  <Placemark>
	<Style><LineStyle><color>ff0000ff</color></LineStyle><PolyStyle><fill>0</fill></PolyStyle></Style>
	<ExtendedData><SchemaData schemaUrl="#c392_hidakagunhidakagawachou">
		<SimpleData name="市町村">日高川町</SimpleData>
		<SimpleData name="大字">大字弥谷</SimpleData>
		<SimpleData name="字">字幸中</SimpleData>
		<SimpleData name="q_kyouyuushakanrenjouhou_tkigo"></SimpleData>
		<SimpleData name="地番">277-2</SimpleData>
		<SimpleData name="地目">保安林</SimpleData>
		<SimpleData name="面積">1.6487</SimpleData>
		<SimpleData name="乙区分"></SimpleData>
		<SimpleData name="共有者数">0</SimpleData>
		<SimpleData name="登記年月日">2014/11/28</SimpleData>
		<SimpleData name="q_kyouyuushakanrenjouhou_keyno"></SimpleData>
		<SimpleData name="持ち分"></SimpleData>
	</SchemaData></ExtendedData>
      <MultiGeometry><Polygon><outerBoundaryIs><LinearRing><coordinates>135.355838653394,33.9935630863369 135.355885585387,33.9935217772776 135.355963064629,33.9934600887468 135.35604579427,33.9933569819567 135.356059078176,33.9932705609133 135.356068703259,33.9931942096309 135.356062858466,33.9931423730502 135.356039814504,33.9930590436848 135.356001856524,33.9929496620251 135.355957246497,33.9927994832488 135.355942402053,33.9926940615797 135.355985808702,33.9926147946482 135.356084214059,33.9924323478353 135.356172428859,33.9921655569242 135.356125457518,33.9919883448489 135.356184595223,33.9917681677795 135.356311177736,33.9916682123337 135.356265828489,33.9915961174483 135.356279060666,33.9915149073375 135.356263761438,33.9914697652613 135.356083763527,33.9915048693363 135.355938439248,33.9915178761029 135.355828156225,33.9915160265655 135.355657479861,33.9915306051847 135.355448351278,33.9915490203944 135.35538958521,33.9917155979681 135.355347639329,33.9917532102704 135.35528733232,33.9917812487113 135.355192671498,33.9918033106835 135.355168484112,33.9918958603868 135.355115903031,33.9919944092734 135.355116392564,33.9920569820484 135.355123861065,33.9921932540091 135.355074069025,33.9923552811832 135.355149188181,33.9925201080211 135.355185210081,33.9926291290731 135.355187492728,33.9928584100361 135.355222721286,33.9930239031939 135.355306124561,33.9930836106145 135.355430424466,33.9931603299779 135.355594022215,33.9932823360058 135.355660919461,33.9933591872226 135.3557740871,33.9934798190093 135.355838653394,33.9935630863369</coordinates></LinearRing></outerBoundaryIs></Polygon></MultiGeometry>
  </Placemark>
  <Placemark>
	<Style><LineStyle><color>ff0000ff</color></LineStyle><PolyStyle><fill>0</fill></PolyStyle></Style>
	<ExtendedData><SchemaData schemaUrl="#c392_hidakagunhidakagawachou">
		<SimpleData name="市町村">日高川町</SimpleData>
		<SimpleData name="大字">大字弥谷</SimpleData>
		<SimpleData name="字">字幸中</SimpleData>
		<SimpleData name="q_kyouyuushakanrenjouhou_tkigo"></SimpleData>
		<SimpleData name="地番">279-2</SimpleData>
		<SimpleData name="地目">保安林</SimpleData>
		<SimpleData name="面積">1.6061</SimpleData>
		<SimpleData name="乙区分"></SimpleData>
		<SimpleData name="共有者数">0</SimpleData>
		<SimpleData name="登記年月日">2014/11/28</SimpleData>
		<SimpleData name="q_kyouyuushakanrenjouhou_keyno"></SimpleData>
		<SimpleData name="持ち分"></SimpleData>
	</SchemaData></ExtendedData>
      <MultiGeometry><Polygon><outerBoundaryIs><LinearRing><coordinates>135.354286346527,33.9929497492381 135.354365582512,33.9928951584162 135.354626219574,33.9929536062773 135.354764774761,33.992961517882 135.35491234076,33.9929472800667 135.355051170326,33.9929476752393 135.355222721286,33.9930239031939 135.355187492728,33.9928584100361 135.355185210081,33.9926291290731 135.355149188181,33.9925201080211 135.355074069025,33.9923552811832 135.355123861065,33.9921932540091 135.355116392564,33.9920569820484 135.355115903031,33.9919944092734 135.355168484112,33.9918958603868 135.355192671498,33.9918033106835 135.355140417324,33.9917797944317 135.355032899333,33.9917371440941 135.354882271577,33.9916696890752 135.354781095015,33.991515715023 135.354716744382,33.9913813464126 135.35461835652,33.9913780083278 135.354451895345,33.9913793890135 135.35430153348,33.991401562843 135.354163949137,33.9914030144461 135.35405042446,33.9913988841824 135.353834711054,33.9914006446681 135.353730943308,33.9914117942961 135.353761482773,33.9914681956828 135.353892524064,33.99156055872 135.354014861842,33.99171144392 135.354037088478,33.9918883113792 135.354076136465,33.9919775576022 135.3540908364,33.9921835793668 135.354040615324,33.9922890464331 135.35411163026,33.9924638610158 135.354173492773,33.9925492328817 135.35421006301,33.9927874844418 135.354286346527,33.9929497492381</coordinates></LinearRing></outerBoundaryIs></Polygon></MultiGeometry>
  </Placemark>
  <Placemark>
	<Style><LineStyle><color>ff0000ff</color></LineStyle><PolyStyle><fill>0</fill></PolyStyle></Style>
	<ExtendedData><SchemaData schemaUrl="#c392_hidakagunhidakagawachou">
		<SimpleData name="市町村">日高川町</SimpleData>
		<SimpleData name="大字">大字弥谷</SimpleData>
		<SimpleData name="字">字幸中</SimpleData>
		<SimpleData name="q_kyouyuushakanrenjouhou_tkigo"></SimpleData>
		<SimpleData name="地番">277-3</SimpleData>
		<SimpleData name="地目">保安林</SimpleData>
		<SimpleData name="面積">0.2876</SimpleData>
		<SimpleData name="乙区分"></SimpleData>
		<SimpleData name="共有者数">0</SimpleData>
		<SimpleData name="登記年月日">2014/11/28</SimpleData>
		<SimpleData name="q_kyouyuushakanrenjouhou_keyno"></SimpleData>
		<SimpleData name="持ち分"></SimpleData>
	</SchemaData></ExtendedData>
      <MultiGeometry><Polygon><outerBoundaryIs><LinearRing><coordinates>135.355448351278,33.9915490203944 135.355657479861,33.9915306051847 135.355828156225,33.9915160265655 135.355938439248,33.9915178761029 135.356083763527,33.9915048693363 135.356263761438,33.9914697652613 135.356286209437,33.9913306745897 135.356222815373,33.9913820497153 135.356006257688,33.991362009777 135.355860006546,33.9913888610966 135.355755500536,33.9914004846143 135.355673206696,33.9914059140664 135.355522548674,33.9914186038966 135.355453702128,33.9914252396599 135.35530038984,33.9914237610763 135.35499953122,33.9914660741043 135.354892458851,33.9914703633336 135.354781095015,33.991515715023 135.354882271577,33.9916696890752 135.355032899333,33.9917371440941 135.355140417324,33.9917797944317 135.355192671498,33.9918033106835 135.35528733232,33.9917812487113 135.355347639329,33.9917532102704 135.35538958521,33.9917155979681 135.355448351278,33.9915490203944</coordinates></LinearRing></outerBoundaryIs></Polygon></MultiGeometry>
  </Placemark>
  <Placemark>
	<Style><LineStyle><color>ff0000ff</color></LineStyle><PolyStyle><fill>0</fill></PolyStyle></Style>
	<ExtendedData><SchemaData schemaUrl="#c392_hidakagunhidakagawachou">
		<SimpleData name="市町村">日高川町</SimpleData>
		<SimpleData name="大字">大字弥谷</SimpleData>
		<SimpleData name="字">字幸中</SimpleData>
		<SimpleData name="q_kyouyuushakanrenjouhou_tkigo"></SimpleData>
		<SimpleData name="地番">281-6</SimpleData>
		<SimpleData name="地目">山林</SimpleData>
		<SimpleData name="面積">0.0074</SimpleData>
		<SimpleData name="乙区分"></SimpleData>
		<SimpleData name="共有者数">0</SimpleData>
		<SimpleData name="登記年月日">2014/11/28</SimpleData>
		<SimpleData name="q_kyouyuushakanrenjouhou_keyno"></SimpleData>
		<SimpleData name="持ち分"></SimpleData>
	</SchemaData></ExtendedData>
      <MultiGeometry><Polygon><outerBoundaryIs><LinearRing><coordinates>135.353702421332,33.991491941055 135.353716533645,33.99148780381 135.353678014308,33.99140458204 135.35364637186,33.9913077380319 135.35360868835,33.9913142750121 135.353632577409,33.9913942643383 135.353661980673,33.9914663386217 135.353702421332,33.991491941055</coordinates></LinearRing></outerBoundaryIs></Polygon></MultiGeometry>
  </Placemark>
  <Placemark>
	<Style><LineStyle><color>ff0000ff</color></LineStyle><PolyStyle><fill>0</fill></PolyStyle></Style>
	<ExtendedData><SchemaData schemaUrl="#c392_hidakagunhidakagawachou">
		<SimpleData name="市町村">日高川町</SimpleData>
		<SimpleData name="大字">大字弥谷</SimpleData>
		<SimpleData name="字">字幸中</SimpleData>
		<SimpleData name="q_kyouyuushakanrenjouhou_tkigo"></SimpleData>
		<SimpleData name="地番">278-4</SimpleData>
		<SimpleData name="地目">保安林</SimpleData>
		<SimpleData name="面積">0.6995</SimpleData>
		<SimpleData name="乙区分"></SimpleData>
		<SimpleData name="共有者数">0</SimpleData>
		<SimpleData name="登記年月日">2014/11/28</SimpleData>
		<SimpleData name="q_kyouyuushakanrenjouhou_keyno"></SimpleData>
		<SimpleData name="持ち分"></SimpleData>
	</SchemaData></ExtendedData>
      <MultiGeometry><Polygon><outerBoundaryIs><LinearRing><coordinates>135.353730943308,33.9914117942961 135.353834711054,33.9914006446681 135.35405042446,33.9913988841824 135.354163949137,33.9914030144461 135.35430153348,33.991401562843 135.354451895345,33.9913793890135 135.35461835652,33.9913780083278 135.354716744382,33.9913813464126 135.354708045675,33.9913305848257 135.35474279589,33.9911179811082 135.354747218131,33.9910485900302 135.354769246866,33.9910066629979 135.354774419007,33.9909067927154 135.354794477032,33.9907448080474 135.354749512316,33.9907808797138 135.35458154467,33.9907537530687 135.354504937534,33.9907532700238 135.354448630709,33.9907288838101 135.354359133079,33.9906853627258 135.354309208653,33.9906772207306 135.354219036277,33.9906714009641 135.354068982458,33.9906902140656 135.353972281235,33.9907331463797 135.353893732093,33.9907888937331 135.353885323048,33.9908173410692 135.353729563348,33.9908391892327 135.353712375701,33.9909304401532 135.353719987878,33.9910058260404 135.353727722047,33.9910738212417 135.353674158143,33.9911147520479 135.353664303757,33.9911852586753 135.353718766498,33.9913487174366 135.353730943308,33.9914117942961</coordinates></LinearRing></outerBoundaryIs></Polygon></MultiGeometry>
  </Placemark>
  <Placemark>
	<Style><LineStyle><color>ff0000ff</color></LineStyle><PolyStyle><fill>0</fill></PolyStyle></Style>
	<ExtendedData><SchemaData schemaUrl="#c392_hidakagunhidakagawachou">
		<SimpleData name="市町村">日高川町</SimpleData>
		<SimpleData name="大字">大字弥谷</SimpleData>
		<SimpleData name="字">字幸中</SimpleData>
		<SimpleData name="q_kyouyuushakanrenjouhou_tkigo"></SimpleData>
		<SimpleData name="地番">281-3</SimpleData>
		<SimpleData name="地目">保安林</SimpleData>
		<SimpleData name="面積">0.2292</SimpleData>
		<SimpleData name="乙区分"></SimpleData>
		<SimpleData name="共有者数">0</SimpleData>
		<SimpleData name="登記年月日">2014/11/28</SimpleData>
		<SimpleData name="q_kyouyuushakanrenjouhou_keyno"></SimpleData>
		<SimpleData name="持ち分"></SimpleData>
	</SchemaData></ExtendedData>
      <MultiGeometry><Polygon><outerBoundaryIs><LinearRing><coordinates>135.352792640239,33.9911691989786 135.352859396221,33.9911743286169 135.352981002298,33.9911045540653 135.353210548086,33.9911100697801 135.353309731696,33.9911266216264 135.353434606774,33.9911039273803 135.353561562464,33.9910796201556 135.35365694444,33.9910580410707 135.353669119101,33.9910126012237 135.353642135039,33.9909396822246 135.353647776639,33.9908463150069 135.353639929111,33.9908078827032 135.353610132532,33.9907846370576 135.353472185092,33.9907557011275 135.353388053497,33.9907424562547 135.353360669898,33.9907864808685 135.353232145097,33.9908082190938 135.353117802224,33.9908208994344 135.35304732141,33.99089882297 135.352952478146,33.990956433295 135.352878131328,33.9909903031061 135.352792640239,33.9911691989786</coordinates></LinearRing></outerBoundaryIs></Polygon></MultiGeometry>
  </Placemark>
  <Placemark>
	<Style><LineStyle><color>ff0000ff</color></LineStyle><PolyStyle><fill>0</fill></PolyStyle></Style>
	<ExtendedData><SchemaData schemaUrl="#c392_hidakagunhidakagawachou">
		<SimpleData name="市町村">日高川町</SimpleData>
		<SimpleData name="大字">大字弥谷</SimpleData>
		<SimpleData name="字">字幸中</SimpleData>
		<SimpleData name="q_kyouyuushakanrenjouhou_tkigo"></SimpleData>
		<SimpleData name="地番">281-5</SimpleData>
		<SimpleData name="地目">保安林</SimpleData>
		<SimpleData name="面積">0.2776</SimpleData>
		<SimpleData name="乙区分"></SimpleData>
		<SimpleData name="共有者数">0</SimpleData>
		<SimpleData name="登記年月日">2014/11/28</SimpleData>
		<SimpleData name="q_kyouyuushakanrenjouhou_keyno"></SimpleData>
		<SimpleData name="持ち分"></SimpleData>
	</SchemaData></ExtendedData>
      <MultiGeometry><Polygon><outerBoundaryIs><LinearRing><coordinates>135.352298741697,33.991726783405 135.352381011908,33.991654484352 135.352499221388,33.9915946992779 135.352606051122,33.9915437980894 135.352710334791,33.9914830640757 135.352794857303,33.9914492569177 135.352876955244,33.991413869064 135.35294146006,33.9914004309687 135.353014155307,33.9913588707981 135.353085410474,33.991351500737 135.353141893516,33.9913396360248 135.353297908134,33.9913329990611 135.353447485812,33.9913299182473 135.35356745629,33.991323298885 135.35360868835,33.9913142750121 135.35364637186,33.9913077380319 135.35364603022,33.991268659947 135.353607485338,33.9912001260013 135.353621296678,33.9911127973587 135.35365694444,33.9910580410707 135.353561562464,33.9910796201556 135.353434606774,33.9911039273803 135.353309731696,33.9911266216264 135.353210548086,33.9911100697801 135.352981002298,33.9911045540653 135.352859396221,33.9911743286169 135.352792640239,33.9911691989786 135.352660422231,33.9913137431735 135.352527027903,33.9914404996559 135.352430360882,33.9915443430801 135.352356728344,33.9916296337253 135.352298741697,33.991726783405</coordinates></LinearRing></outerBoundaryIs></Polygon></MultiGeometry>
  </Placemark>
  <Placemark>
	<Style><LineStyle><color>ff0000ff</color></LineStyle><PolyStyle><fill>0</fill></PolyStyle></Style>
	<ExtendedData><SchemaData schemaUrl="#c392_hidakagunhidakagawachou">
		<SimpleData name="市町村">日高川町</SimpleData>
		<SimpleData name="大字">大字弥谷</SimpleData>
		<SimpleData name="字">字幸中</SimpleData>
		<SimpleData name="q_kyouyuushakanrenjouhou_tkigo"></SimpleData>
		<SimpleData name="地番">281-8</SimpleData>
		<SimpleData name="地目">公衆用道路</SimpleData>
		<SimpleData name="面積">0.5588</SimpleData>
		<SimpleData name="乙区分"></SimpleData>
		<SimpleData name="共有者数">0</SimpleData>
		<SimpleData name="登記年月日">2014/11/28</SimpleData>
		<SimpleData name="q_kyouyuushakanrenjouhou_keyno"></SimpleData>
		<SimpleData name="持ち分"></SimpleData>
	</SchemaData></ExtendedData>
      <MultiGeometry><Polygon><outerBoundaryIs><LinearRing><coordinates>135.351249644494,33.9911781306312 135.351294964339,33.9911539461309 135.351403446609,33.991137576996 135.351406933406,33.9910264090523 135.351477087836,33.9908917830651 135.351587282053,33.9908312443424 135.351615947455,33.9908065472917 135.351850630474,33.9907610259327 135.352032460859,33.9907283630064 135.352328608227,33.9907207900427 135.352404534148,33.9907313047749 135.352476680098,33.9908291836387 135.352602359645,33.9909200330852 135.352792925912,33.9909657731491 135.352878131328,33.9909903031061 135.352952478146,33.990956433295 135.35304732141,33.99089882297 135.353117802224,33.9908208994344 135.353232145097,33.9908082190938 135.353360669898,33.9907864808685 135.353388053497,33.9907424562547 135.353472185092,33.9907557011275 135.353610132532,33.9907846370576 135.353639929111,33.9908078827032 135.353647776639,33.9908463150069 135.353635376297,33.9905686189292 135.353517951387,33.9905766943031 135.353458878292,33.9905790427062 135.353363756483,33.9905792009673 135.353211166409,33.9905698967863 135.353046474503,33.990564830319 135.353060954797,33.9906293790537 135.352894173749,33.9906230301391 135.352714357682,33.9906156549201 135.352580112693,33.9906065456467 135.352364198559,33.9906106304442 135.352221818467,33.9906167691103 135.352090834672,33.99062706901 135.351959796783,33.9906389300582 135.351830713712,33.9906584820039 135.351704510181,33.9906795447431 135.351579700367,33.9907050704098 135.351456225489,33.990737236966 135.351330834825,33.9907735154162 135.351212062123,33.9908194378995 135.351229065205,33.9908438257064 135.351143974362,33.9908827679197 135.351125351674,33.9908605633512 135.351004625495,33.9909384560149 135.351249644494,33.9911781306312</coordinates></LinearRing></outerBoundaryIs></Polygon></MultiGeometry>
  </Placemark>
  <Placemark>
	<Style><LineStyle><color>ff0000ff</color></LineStyle><PolyStyle><fill>0</fill></PolyStyle></Style>
	<ExtendedData><SchemaData schemaUrl="#c392_hidakagunhidakagawachou">
		<SimpleData name="市町村">日高川町</SimpleData>
		<SimpleData name="大字">大字弥谷</SimpleData>
		<SimpleData name="字">字幸中</SimpleData>
		<SimpleData name="q_kyouyuushakanrenjouhou_tkigo"></SimpleData>
		<SimpleData name="地番">282-3</SimpleData>
		<SimpleData name="地目">保安林</SimpleData>
		<SimpleData name="面積">0.1071</SimpleData>
		<SimpleData name="乙区分"></SimpleData>
		<SimpleData name="共有者数">0</SimpleData>
		<SimpleData name="登記年月日">2014/11/28</SimpleData>
		<SimpleData name="q_kyouyuushakanrenjouhou_keyno"></SimpleData>
		<SimpleData name="持ち分"></SimpleData>
	</SchemaData></ExtendedData>
      <MultiGeometry><Polygon><outerBoundaryIs><LinearRing><coordinates>135.351850630474,33.9907610259327 135.351859231023,33.990795973117 135.351990572123,33.9908083668414 135.351969824256,33.9908865706213 135.352003682507,33.9909449121346 135.352105194404,33.9909813656284 135.352206085585,33.9909939341641 135.352396257167,33.9909848283758 135.352365902288,33.9908299078797 135.352328608227,33.9907207900427 135.352032460859,33.9907283630064 135.351850630474,33.9907610259327</coordinates></LinearRing></outerBoundaryIs></Polygon></MultiGeometry>
  </Placemark>
  <Placemark>
	<Style><LineStyle><color>ff0000ff</color></LineStyle><PolyStyle><fill>0</fill></PolyStyle></Style>
	<ExtendedData><SchemaData schemaUrl="#c392_hidakagunhidakagawachou">
		<SimpleData name="市町村">日高川町</SimpleData>
		<SimpleData name="大字">大字弥谷</SimpleData>
		<SimpleData name="字">字幸中</SimpleData>
		<SimpleData name="q_kyouyuushakanrenjouhou_tkigo"></SimpleData>
		<SimpleData name="地番">282-1</SimpleData>
		<SimpleData name="地目">保安林</SimpleData>
		<SimpleData name="面積">0.962</SimpleData>
		<SimpleData name="乙区分"></SimpleData>
		<SimpleData name="共有者数">0</SimpleData>
		<SimpleData name="登記年月日">2014/11/28</SimpleData>
		<SimpleData name="q_kyouyuushakanrenjouhou_keyno"></SimpleData>
		<SimpleData name="持ち分"></SimpleData>
	</SchemaData></ExtendedData>
      <MultiGeometry><Polygon><outerBoundaryIs><LinearRing><coordinates>135.351249644494,33.9911781306312 135.351339951422,33.9912946247934 135.351399469521,33.9913919057518 135.351447886258,33.991539952302 135.351511076207,33.9915543052834 135.351589195474,33.991578103647 135.351712096335,33.9915762087996 135.351905137253,33.9915798413892 135.352066540492,33.9916231289692 135.352125225521,33.9916479083666 135.352241389492,33.9917163465612 135.352298741697,33.991726783405 135.352356728344,33.9916296337253 135.352430360882,33.9915443430801 135.352527027903,33.9914404996559 135.352660422231,33.9913137431735 135.352792640239,33.9911691989786 135.352878131328,33.9909903031061 135.352792925912,33.9909657731491 135.352602359645,33.9909200330852 135.352476680098,33.9908291836387 135.352404534148,33.9907313047749 135.352328608227,33.9907207900427 135.352365902288,33.9908299078797 135.352396257167,33.9909848283758 135.352206085585,33.9909939341641 135.352105194404,33.9909813656284 135.352003682507,33.9909449121346 135.351969824256,33.9908865706213 135.351990572123,33.9908083668414 135.351859231023,33.990795973117 135.351850630474,33.9907610259327 135.351615947455,33.9908065472917 135.351587282053,33.9908312443424 135.351477087836,33.9908917830651 135.351406933406,33.9910264090523 135.351403446609,33.991137576996 135.351294964339,33.9911539461309 135.351249644494,33.9911781306312</coordinates></LinearRing></outerBoundaryIs></Polygon></MultiGeometry>
  </Placemark>
  <Placemark>
	<Style><LineStyle><color>ff0000ff</color></LineStyle><PolyStyle><fill>0</fill></PolyStyle></Style>
	<ExtendedData><SchemaData schemaUrl="#c392_hidakagunhidakagawachou">
		<SimpleData name="市町村">日高川町</SimpleData>
		<SimpleData name="大字">大字弥谷</SimpleData>
		<SimpleData name="字">字洞谷</SimpleData>
		<SimpleData name="q_kyouyuushakanrenjouhou_tkigo"></SimpleData>
		<SimpleData name="地番">283-5</SimpleData>
		<SimpleData name="地目">保安林</SimpleData>
		<SimpleData name="面積">0.3486</SimpleData>
		<SimpleData name="乙区分">有</SimpleData>
		<SimpleData name="共有者数">4</SimpleData>
		<SimpleData name="登記年月日">2016/1/8</SimpleData>
		<SimpleData name="q_kyouyuushakanrenjouhou_keyno">1</SimpleData>
		<SimpleData name="持ち分">６分の１</SimpleData>
	</SchemaData></ExtendedData>
      <MultiGeometry><Polygon><outerBoundaryIs><LinearRing><coordinates>135.350478652508,33.9921381813844 135.350666316399,33.9921046397856 135.350656161333,33.9920721826586 135.350642727019,33.9920197467827 135.350632086886,33.9919669650127 135.350625826754,33.9919233576075 135.35061945572,33.9918573358219 135.350617626067,33.9918077300093 135.350618730482,33.9917635754339 135.350622484336,33.9917140522859 135.350663948143,33.9917073549537 135.350725832163,33.9916899019864 135.350821429623,33.9916129859921 135.350851877434,33.9915846930291 135.350917704081,33.991517049716 135.350932535527,33.9914881063341 135.350932129588,33.991434729424 135.350923061325,33.9913605510609 135.350889068868,33.9913212160986 135.350956931434,33.9912193857813 135.351036273824,33.9911292213846 135.351078518059,33.9911352946951 135.351121806216,33.9911662234203 135.351186227341,33.9911751996017 135.351227616479,33.9911854076013 135.351249644494,33.9911781306312 135.351004625495,33.9909384560149 135.350930128069,33.9909308231605 135.35088695751,33.990971283747 135.350805809363,33.9910411362729 135.350752888917,33.9910939162291 135.350705513852,33.9911435238428 135.350626758136,33.9912376230014 135.350620795851,33.9913226224069 135.35058355829,33.9913644134043 135.350532471052,33.9914324210572 135.350481618155,33.9915051831642 135.35048799935,33.9915442471502 135.350547850019,33.991547917059 135.350536927618,33.9915920008739 135.350510507807,33.9917354602587 135.35045375167,33.9917205447738 135.350357126506,33.9916764340858 135.350217018477,33.9916325426727 135.35019670826,33.9916501698894 135.350239814496,33.991670719635 135.350297055143,33.9917017493822 135.350341350352,33.9917354678403 135.350377522615,33.9917739588415 135.350411932485,33.9918295529088 135.350424550823,33.9918638812613 135.350444866775,33.9919408040041 135.350478652508,33.9921381813844</coordinates></LinearRing></outerBoundaryIs></Polygon></MultiGeometry>
  </Placemark>
  <Placemark>
	<Style><LineStyle><color>ff0000ff</color></LineStyle><PolyStyle><fill>0</fill></PolyStyle></Style>
	<ExtendedData><SchemaData schemaUrl="#c392_hidakagunhidakagawachou">
		<SimpleData name="市町村">日高川町</SimpleData>
		<SimpleData name="大字">大字弥谷</SimpleData>
		<SimpleData name="字">字洞谷</SimpleData>
		<SimpleData name="q_kyouyuushakanrenjouhou_tkigo"></SimpleData>
		<SimpleData name="地番">283-5</SimpleData>
		<SimpleData name="地目">保安林</SimpleData>
		<SimpleData name="面積">0.3486</SimpleData>
		<SimpleData name="乙区分">有</SimpleData>
		<SimpleData name="共有者数">4</SimpleData>
		<SimpleData name="登記年月日">2016/1/8</SimpleData>
		<SimpleData name="q_kyouyuushakanrenjouhou_keyno">4</SimpleData>
		<SimpleData name="持ち分">６分の１</SimpleData>
	</SchemaData></ExtendedData>
      <MultiGeometry><Polygon><outerBoundaryIs><LinearRing><coordinates>135.350478652508,33.9921381813844 135.350666316399,33.9921046397856 135.350656161333,33.9920721826586 135.350642727019,33.9920197467827 135.350632086886,33.9919669650127 135.350625826754,33.9919233576075 135.35061945572,33.9918573358219 135.350617626067,33.9918077300093 135.350618730482,33.9917635754339 135.350622484336,33.9917140522859 135.350663948143,33.9917073549537 135.350725832163,33.9916899019864 135.350821429623,33.9916129859921 135.350851877434,33.9915846930291 135.350917704081,33.991517049716 135.350932535527,33.9914881063341 135.350932129588,33.991434729424 135.350923061325,33.9913605510609 135.350889068868,33.9913212160986 135.350956931434,33.9912193857813 135.351036273824,33.9911292213846 135.351078518059,33.9911352946951 135.351121806216,33.9911662234203 135.351186227341,33.9911751996017 135.351227616479,33.9911854076013 135.351249644494,33.9911781306312 135.351004625495,33.9909384560149 135.350930128069,33.9909308231605 135.35088695751,33.990971283747 135.350805809363,33.9910411362729 135.350752888917,33.9910939162291 135.350705513852,33.9911435238428 135.350626758136,33.9912376230014 135.350620795851,33.9913226224069 135.35058355829,33.9913644134043 135.350532471052,33.9914324210572 135.350481618155,33.9915051831642 135.35048799935,33.9915442471502 135.350547850019,33.991547917059 135.350536927618,33.9915920008739 135.350510507807,33.9917354602587 135.35045375167,33.9917205447738 135.350357126506,33.9916764340858 135.350217018477,33.9916325426727 135.35019670826,33.9916501698894 135.350239814496,33.991670719635 135.350297055143,33.9917017493822 135.350341350352,33.9917354678403 135.350377522615,33.9917739588415 135.350411932485,33.9918295529088 135.350424550823,33.9918638812613 135.350444866775,33.9919408040041 135.350478652508,33.9921381813844</coordinates></LinearRing></outerBoundaryIs></Polygon></MultiGeometry>
  </Placemark>
  <Placemark>
	<Style><LineStyle><color>ff0000ff</color></LineStyle><PolyStyle><fill>0</fill></PolyStyle></Style>
	<ExtendedData><SchemaData schemaUrl="#c392_hidakagunhidakagawachou">
		<SimpleData name="市町村">日高川町</SimpleData>
		<SimpleData name="大字">大字弥谷</SimpleData>
		<SimpleData name="字">字洞谷</SimpleData>
		<SimpleData name="q_kyouyuushakanrenjouhou_tkigo"></SimpleData>
		<SimpleData name="地番">283-5</SimpleData>
		<SimpleData name="地目">保安林</SimpleData>
		<SimpleData name="面積">0.3486</SimpleData>
		<SimpleData name="乙区分">有</SimpleData>
		<SimpleData name="共有者数">4</SimpleData>
		<SimpleData name="登記年月日">2016/1/8</SimpleData>
		<SimpleData name="q_kyouyuushakanrenjouhou_keyno">3</SimpleData>
		<SimpleData name="持ち分">６分の１</SimpleData>
	</SchemaData></ExtendedData>
      <MultiGeometry><Polygon><outerBoundaryIs><LinearRing><coordinates>135.350478652508,33.9921381813844 135.350666316399,33.9921046397856 135.350656161333,33.9920721826586 135.350642727019,33.9920197467827 135.350632086886,33.9919669650127 135.350625826754,33.9919233576075 135.35061945572,33.9918573358219 135.350617626067,33.9918077300093 135.350618730482,33.9917635754339 135.350622484336,33.9917140522859 135.350663948143,33.9917073549537 135.350725832163,33.9916899019864 135.350821429623,33.9916129859921 135.350851877434,33.9915846930291 135.350917704081,33.991517049716 135.350932535527,33.9914881063341 135.350932129588,33.991434729424 135.350923061325,33.9913605510609 135.350889068868,33.9913212160986 135.350956931434,33.9912193857813 135.351036273824,33.9911292213846 135.351078518059,33.9911352946951 135.351121806216,33.9911662234203 135.351186227341,33.9911751996017 135.351227616479,33.9911854076013 135.351249644494,33.9911781306312 135.351004625495,33.9909384560149 135.350930128069,33.9909308231605 135.35088695751,33.990971283747 135.350805809363,33.9910411362729 135.350752888917,33.9910939162291 135.350705513852,33.9911435238428 135.350626758136,33.9912376230014 135.350620795851,33.9913226224069 135.35058355829,33.9913644134043 135.350532471052,33.9914324210572 135.350481618155,33.9915051831642 135.35048799935,33.9915442471502 135.350547850019,33.991547917059 135.350536927618,33.9915920008739 135.350510507807,33.9917354602587 135.35045375167,33.9917205447738 135.350357126506,33.9916764340858 135.350217018477,33.9916325426727 135.35019670826,33.9916501698894 135.350239814496,33.991670719635 135.350297055143,33.9917017493822 135.350341350352,33.9917354678403 135.350377522615,33.9917739588415 135.350411932485,33.9918295529088 135.350424550823,33.9918638812613 135.350444866775,33.9919408040041 135.350478652508,33.9921381813844</coordinates></LinearRing></outerBoundaryIs></Polygon></MultiGeometry>
  </Placemark>
  <Placemark>
	<Style><LineStyle><color>ff0000ff</color></LineStyle><PolyStyle><fill>0</fill></PolyStyle></Style>
	<ExtendedData><SchemaData schemaUrl="#c392_hidakagunhidakagawachou">
		<SimpleData name="市町村">日高川町</SimpleData>
		<SimpleData name="大字">大字弥谷</SimpleData>
		<SimpleData name="字">字洞谷</SimpleData>
		<SimpleData name="q_kyouyuushakanrenjouhou_tkigo"></SimpleData>
		<SimpleData name="地番">283-5</SimpleData>
		<SimpleData name="地目">保安林</SimpleData>
		<SimpleData name="面積">0.3486</SimpleData>
		<SimpleData name="乙区分">有</SimpleData>
		<SimpleData name="共有者数">4</SimpleData>
		<SimpleData name="登記年月日">2016/1/8</SimpleData>
		<SimpleData name="q_kyouyuushakanrenjouhou_keyno">2</SimpleData>
		<SimpleData name="持ち分">６分の１</SimpleData>
	</SchemaData></ExtendedData>
      <MultiGeometry><Polygon><outerBoundaryIs><LinearRing><coordinates>135.350478652508,33.9921381813844 135.350666316399,33.9921046397856 135.350656161333,33.9920721826586 135.350642727019,33.9920197467827 135.350632086886,33.9919669650127 135.350625826754,33.9919233576075 135.35061945572,33.9918573358219 135.350617626067,33.9918077300093 135.350618730482,33.9917635754339 135.350622484336,33.9917140522859 135.350663948143,33.9917073549537 135.350725832163,33.9916899019864 135.350821429623,33.9916129859921 135.350851877434,33.9915846930291 135.350917704081,33.991517049716 135.350932535527,33.9914881063341 135.350932129588,33.991434729424 135.350923061325,33.9913605510609 135.350889068868,33.9913212160986 135.350956931434,33.9912193857813 135.351036273824,33.9911292213846 135.351078518059,33.9911352946951 135.351121806216,33.9911662234203 135.351186227341,33.9911751996017 135.351227616479,33.9911854076013 135.351249644494,33.9911781306312 135.351004625495,33.9909384560149 135.350930128069,33.9909308231605 135.35088695751,33.990971283747 135.350805809363,33.9910411362729 135.350752888917,33.9910939162291 135.350705513852,33.9911435238428 135.350626758136,33.9912376230014 135.350620795851,33.9913226224069 135.35058355829,33.9913644134043 135.350532471052,33.9914324210572 135.350481618155,33.9915051831642 135.35048799935,33.9915442471502 135.350547850019,33.991547917059 135.350536927618,33.9915920008739 135.350510507807,33.9917354602587 135.35045375167,33.9917205447738 135.350357126506,33.9916764340858 135.350217018477,33.9916325426727 135.35019670826,33.9916501698894 135.350239814496,33.991670719635 135.350297055143,33.9917017493822 135.350341350352,33.9917354678403 135.350377522615,33.9917739588415 135.350411932485,33.9918295529088 135.350424550823,33.9918638812613 135.350444866775,33.9919408040041 135.350478652508,33.9921381813844</coordinates></LinearRing></outerBoundaryIs></Polygon></MultiGeometry>
  </Placemark>
  <Placemark>
	<Style><LineStyle><color>ff0000ff</color></LineStyle><PolyStyle><fill>0</fill></PolyStyle></Style>
	<ExtendedData><SchemaData schemaUrl="#c392_hidakagunhidakagawachou">
		<SimpleData name="市町村">日高川町</SimpleData>
		<SimpleData name="大字">大字弥谷</SimpleData>
		<SimpleData name="字">字洞谷</SimpleData>
		<SimpleData name="q_kyouyuushakanrenjouhou_tkigo"></SimpleData>
		<SimpleData name="地番">283-5</SimpleData>
		<SimpleData name="地目">保安林</SimpleData>
		<SimpleData name="面積">0.3486</SimpleData>
		<SimpleData name="乙区分">有</SimpleData>
		<SimpleData name="共有者数">4</SimpleData>
		<SimpleData name="登記年月日">2016/1/8</SimpleData>
		<SimpleData name="q_kyouyuushakanrenjouhou_keyno">5</SimpleData>
		<SimpleData name="持ち分">６分の１</SimpleData>
	</SchemaData></ExtendedData>
      <MultiGeometry><Polygon><outerBoundaryIs><LinearRing><coordinates>135.350478652508,33.9921381813844 135.350666316399,33.9921046397856 135.350656161333,33.9920721826586 135.350642727019,33.9920197467827 135.350632086886,33.9919669650127 135.350625826754,33.9919233576075 135.35061945572,33.9918573358219 135.350617626067,33.9918077300093 135.350618730482,33.9917635754339 135.350622484336,33.9917140522859 135.350663948143,33.9917073549537 135.350725832163,33.9916899019864 135.350821429623,33.9916129859921 135.350851877434,33.9915846930291 135.350917704081,33.991517049716 135.350932535527,33.9914881063341 135.350932129588,33.991434729424 135.350923061325,33.9913605510609 135.350889068868,33.9913212160986 135.350956931434,33.9912193857813 135.351036273824,33.9911292213846 135.351078518059,33.9911352946951 135.351121806216,33.9911662234203 135.351186227341,33.9911751996017 135.351227616479,33.9911854076013 135.351249644494,33.9911781306312 135.351004625495,33.9909384560149 135.350930128069,33.9909308231605 135.35088695751,33.990971283747 135.350805809363,33.9910411362729 135.350752888917,33.9910939162291 135.350705513852,33.9911435238428 135.350626758136,33.9912376230014 135.350620795851,33.9913226224069 135.35058355829,33.9913644134043 135.350532471052,33.9914324210572 135.350481618155,33.9915051831642 135.35048799935,33.9915442471502 135.350547850019,33.991547917059 135.350536927618,33.9915920008739 135.350510507807,33.9917354602587 135.35045375167,33.9917205447738 135.350357126506,33.9916764340858 135.350217018477,33.9916325426727 135.35019670826,33.9916501698894 135.350239814496,33.991670719635 135.350297055143,33.9917017493822 135.350341350352,33.9917354678403 135.350377522615,33.9917739588415 135.350411932485,33.9918295529088 135.350424550823,33.9918638812613 135.350444866775,33.9919408040041 135.350478652508,33.9921381813844</coordinates></LinearRing></outerBoundaryIs></Polygon></MultiGeometry>
  </Placemark>
  <Placemark>
	<Style><LineStyle><color>ff0000ff</color></LineStyle><PolyStyle><fill>0</fill></PolyStyle></Style>
	<ExtendedData><SchemaData schemaUrl="#c392_hidakagunhidakagawachou">
		<SimpleData name="市町村">日高川町</SimpleData>
		<SimpleData name="大字">大字弥谷</SimpleData>
		<SimpleData name="字">字洞谷</SimpleData>
		<SimpleData name="q_kyouyuushakanrenjouhou_tkigo"></SimpleData>
		<SimpleData name="地番">283-2</SimpleData>
		<SimpleData name="地目">保安林</SimpleData>
		<SimpleData name="面積">0.379</SimpleData>
		<SimpleData name="乙区分">有</SimpleData>
		<SimpleData name="共有者数">4</SimpleData>
		<SimpleData name="登記年月日">2016/1/8</SimpleData>
		<SimpleData name="q_kyouyuushakanrenjouhou_keyno">2</SimpleData>
		<SimpleData name="持ち分">６分の１</SimpleData>
	</SchemaData></ExtendedData>
      <MultiGeometry><Polygon><outerBoundaryIs><LinearRing><coordinates>135.350666316399,33.9921046397856 135.35071826865,33.9920921482076 135.350795259801,33.9920708980512 135.350859775501,33.9920447494428 135.350931500016,33.9920016607885 135.350983779031,33.991967675758 135.351037939894,33.9919166612785 135.351077307555,33.9918525297979 135.351100609515,33.9917688218617 135.351114662656,33.991721372604 135.351149017449,33.9916304830962 135.35118999237,33.991577017875 135.351300828381,33.9915360033668 135.35138002151,33.9915381240247 135.351447886258,33.991539952302 135.351399469521,33.9913919057518 135.351339951422,33.9912946247934 135.351249644494,33.9911781306312 135.351227616479,33.9911854076013 135.351186227341,33.9911751996017 135.351121806216,33.9911662234203 135.351078518059,33.9911352946951 135.351036273824,33.9911292213846 135.350956931434,33.9912193857813 135.350889068868,33.9913212160986 135.350923061325,33.9913605510609 135.350932129588,33.991434729424 135.350932535527,33.9914881063341 135.350917704081,33.991517049716 135.350851877434,33.9915846930291 135.350821429623,33.9916129859921 135.350725832163,33.9916899019864 135.350663948143,33.9917073549537 135.350622484336,33.9917140522859 135.350618730482,33.9917635754339 135.350617626067,33.9918077300093 135.35061945572,33.9918573358219 135.350625826754,33.9919233576075 135.350632086886,33.9919669650127 135.350642727019,33.9920197467827 135.350656161333,33.9920721826586 135.350666316399,33.9921046397856</coordinates></LinearRing></outerBoundaryIs></Polygon></MultiGeometry>
  </Placemark>
  <Placemark>
	<Style><LineStyle><color>ff0000ff</color></LineStyle><PolyStyle><fill>0</fill></PolyStyle></Style>
	<ExtendedData><SchemaData schemaUrl="#c392_hidakagunhidakagawachou">
		<SimpleData name="市町村">日高川町</SimpleData>
		<SimpleData name="大字">大字弥谷</SimpleData>
		<SimpleData name="字">字洞谷</SimpleData>
		<SimpleData name="q_kyouyuushakanrenjouhou_tkigo"></SimpleData>
		<SimpleData name="地番">283-2</SimpleData>
		<SimpleData name="地目">保安林</SimpleData>
		<SimpleData name="面積">0.379</SimpleData>
		<SimpleData name="乙区分">有</SimpleData>
		<SimpleData name="共有者数">4</SimpleData>
		<SimpleData name="登記年月日">2016/1/8</SimpleData>
		<SimpleData name="q_kyouyuushakanrenjouhou_keyno">1</SimpleData>
		<SimpleData name="持ち分">６分の１</SimpleData>
	</SchemaData></ExtendedData>
      <MultiGeometry><Polygon><outerBoundaryIs><LinearRing><coordinates>135.350666316399,33.9921046397856 135.35071826865,33.9920921482076 135.350795259801,33.9920708980512 135.350859775501,33.9920447494428 135.350931500016,33.9920016607885 135.350983779031,33.991967675758 135.351037939894,33.9919166612785 135.351077307555,33.9918525297979 135.351100609515,33.9917688218617 135.351114662656,33.991721372604 135.351149017449,33.9916304830962 135.35118999237,33.991577017875 135.351300828381,33.9915360033668 135.35138002151,33.9915381240247 135.351447886258,33.991539952302 135.351399469521,33.9913919057518 135.351339951422,33.9912946247934 135.351249644494,33.9911781306312 135.351227616479,33.9911854076013 135.351186227341,33.9911751996017 135.351121806216,33.9911662234203 135.351078518059,33.9911352946951 135.351036273824,33.9911292213846 135.350956931434,33.9912193857813 135.350889068868,33.9913212160986 135.350923061325,33.9913605510609 135.350932129588,33.991434729424 135.350932535527,33.9914881063341 135.350917704081,33.991517049716 135.350851877434,33.9915846930291 135.350821429623,33.9916129859921 135.350725832163,33.9916899019864 135.350663948143,33.9917073549537 135.350622484336,33.9917140522859 135.350618730482,33.9917635754339 135.350617626067,33.9918077300093 135.35061945572,33.9918573358219 135.350625826754,33.9919233576075 135.350632086886,33.9919669650127 135.350642727019,33.9920197467827 135.350656161333,33.9920721826586 135.350666316399,33.9921046397856</coordinates></LinearRing></outerBoundaryIs></Polygon></MultiGeometry>
  </Placemark>
  <Placemark>
	<Style><LineStyle><color>ff0000ff</color></LineStyle><PolyStyle><fill>0</fill></PolyStyle></Style>
	<ExtendedData><SchemaData schemaUrl="#c392_hidakagunhidakagawachou">
		<SimpleData name="市町村">日高川町</SimpleData>
		<SimpleData name="大字">大字弥谷</SimpleData>
		<SimpleData name="字">字洞谷</SimpleData>
		<SimpleData name="q_kyouyuushakanrenjouhou_tkigo"></SimpleData>
		<SimpleData name="地番">283-2</SimpleData>
		<SimpleData name="地目">保安林</SimpleData>
		<SimpleData name="面積">0.379</SimpleData>
		<SimpleData name="乙区分">有</SimpleData>
		<SimpleData name="共有者数">4</SimpleData>
		<SimpleData name="登記年月日">2016/1/8</SimpleData>
		<SimpleData name="q_kyouyuushakanrenjouhou_keyno">5</SimpleData>
		<SimpleData name="持ち分">６分の１</SimpleData>
	</SchemaData></ExtendedData>
      <MultiGeometry><Polygon><outerBoundaryIs><LinearRing><coordinates>135.350666316399,33.9921046397856 135.35071826865,33.9920921482076 135.350795259801,33.9920708980512 135.350859775501,33.9920447494428 135.350931500016,33.9920016607885 135.350983779031,33.991967675758 135.351037939894,33.9919166612785 135.351077307555,33.9918525297979 135.351100609515,33.9917688218617 135.351114662656,33.991721372604 135.351149017449,33.9916304830962 135.35118999237,33.991577017875 135.351300828381,33.9915360033668 135.35138002151,33.9915381240247 135.351447886258,33.991539952302 135.351399469521,33.9913919057518 135.351339951422,33.9912946247934 135.351249644494,33.9911781306312 135.351227616479,33.9911854076013 135.351186227341,33.9911751996017 135.351121806216,33.9911662234203 135.351078518059,33.9911352946951 135.351036273824,33.9911292213846 135.350956931434,33.9912193857813 135.350889068868,33.9913212160986 135.350923061325,33.9913605510609 135.350932129588,33.991434729424 135.350932535527,33.9914881063341 135.350917704081,33.991517049716 135.350851877434,33.9915846930291 135.350821429623,33.9916129859921 135.350725832163,33.9916899019864 135.350663948143,33.9917073549537 135.350622484336,33.9917140522859 135.350618730482,33.9917635754339 135.350617626067,33.9918077300093 135.35061945572,33.9918573358219 135.350625826754,33.9919233576075 135.350632086886,33.9919669650127 135.350642727019,33.9920197467827 135.350656161333,33.9920721826586 135.350666316399,33.9921046397856</coordinates></LinearRing></outerBoundaryIs></Polygon></MultiGeometry>
  </Placemark>
  <Placemark>
	<Style><LineStyle><color>ff0000ff</color></LineStyle><PolyStyle><fill>0</fill></PolyStyle></Style>
	<ExtendedData><SchemaData schemaUrl="#c392_hidakagunhidakagawachou">
		<SimpleData name="市町村">日高川町</SimpleData>
		<SimpleData name="大字">大字弥谷</SimpleData>
		<SimpleData name="字">字洞谷</SimpleData>
		<SimpleData name="q_kyouyuushakanrenjouhou_tkigo"></SimpleData>
		<SimpleData name="地番">283-2</SimpleData>
		<SimpleData name="地目">保安林</SimpleData>
		<SimpleData name="面積">0.379</SimpleData>
		<SimpleData name="乙区分">有</SimpleData>
		<SimpleData name="共有者数">4</SimpleData>
		<SimpleData name="登記年月日">2016/1/8</SimpleData>
		<SimpleData name="q_kyouyuushakanrenjouhou_keyno">4</SimpleData>
		<SimpleData name="持ち分">６分の１</SimpleData>
	</SchemaData></ExtendedData>
      <MultiGeometry><Polygon><outerBoundaryIs><LinearRing><coordinates>135.350666316399,33.9921046397856 135.35071826865,33.9920921482076 135.350795259801,33.9920708980512 135.350859775501,33.9920447494428 135.350931500016,33.9920016607885 135.350983779031,33.991967675758 135.351037939894,33.9919166612785 135.351077307555,33.9918525297979 135.351100609515,33.9917688218617 135.351114662656,33.991721372604 135.351149017449,33.9916304830962 135.35118999237,33.991577017875 135.351300828381,33.9915360033668 135.35138002151,33.9915381240247 135.351447886258,33.991539952302 135.351399469521,33.9913919057518 135.351339951422,33.9912946247934 135.351249644494,33.9911781306312 135.351227616479,33.9911854076013 135.351186227341,33.9911751996017 135.351121806216,33.9911662234203 135.351078518059,33.9911352946951 135.351036273824,33.9911292213846 135.350956931434,33.9912193857813 135.350889068868,33.9913212160986 135.350923061325,33.9913605510609 135.350932129588,33.991434729424 135.350932535527,33.9914881063341 135.350917704081,33.991517049716 135.350851877434,33.9915846930291 135.350821429623,33.9916129859921 135.350725832163,33.9916899019864 135.350663948143,33.9917073549537 135.350622484336,33.9917140522859 135.350618730482,33.9917635754339 135.350617626067,33.9918077300093 135.35061945572,33.9918573358219 135.350625826754,33.9919233576075 135.350632086886,33.9919669650127 135.350642727019,33.9920197467827 135.350656161333,33.9920721826586 135.350666316399,33.9921046397856</coordinates></LinearRing></outerBoundaryIs></Polygon></MultiGeometry>
  </Placemark>
  <Placemark>
	<Style><LineStyle><color>ff0000ff</color></LineStyle><PolyStyle><fill>0</fill></PolyStyle></Style>
	<ExtendedData><SchemaData schemaUrl="#c392_hidakagunhidakagawachou">
		<SimpleData name="市町村">日高川町</SimpleData>
		<SimpleData name="大字">大字弥谷</SimpleData>
		<SimpleData name="字">字洞谷</SimpleData>
		<SimpleData name="q_kyouyuushakanrenjouhou_tkigo"></SimpleData>
		<SimpleData name="地番">283-2</SimpleData>
		<SimpleData name="地目">保安林</SimpleData>
		<SimpleData name="面積">0.379</SimpleData>
		<SimpleData name="乙区分">有</SimpleData>
		<SimpleData name="共有者数">4</SimpleData>
		<SimpleData name="登記年月日">2016/1/8</SimpleData>
		<SimpleData name="q_kyouyuushakanrenjouhou_keyno">3</SimpleData>
		<SimpleData name="持ち分">６分の１</SimpleData>
	</SchemaData></ExtendedData>
      <MultiGeometry><Polygon><outerBoundaryIs><LinearRing><coordinates>135.350666316399,33.9921046397856 135.35071826865,33.9920921482076 135.350795259801,33.9920708980512 135.350859775501,33.9920447494428 135.350931500016,33.9920016607885 135.350983779031,33.991967675758 135.351037939894,33.9919166612785 135.351077307555,33.9918525297979 135.351100609515,33.9917688218617 135.351114662656,33.991721372604 135.351149017449,33.9916304830962 135.35118999237,33.991577017875 135.351300828381,33.9915360033668 135.35138002151,33.9915381240247 135.351447886258,33.991539952302 135.351399469521,33.9913919057518 135.351339951422,33.9912946247934 135.351249644494,33.9911781306312 135.351227616479,33.9911854076013 135.351186227341,33.9911751996017 135.351121806216,33.9911662234203 135.351078518059,33.9911352946951 135.351036273824,33.9911292213846 135.350956931434,33.9912193857813 135.350889068868,33.9913212160986 135.350923061325,33.9913605510609 135.350932129588,33.991434729424 135.350932535527,33.9914881063341 135.350917704081,33.991517049716 135.350851877434,33.9915846930291 135.350821429623,33.9916129859921 135.350725832163,33.9916899019864 135.350663948143,33.9917073549537 135.350622484336,33.9917140522859 135.350618730482,33.9917635754339 135.350617626067,33.9918077300093 135.35061945572,33.9918573358219 135.350625826754,33.9919233576075 135.350632086886,33.9919669650127 135.350642727019,33.9920197467827 135.350656161333,33.9920721826586 135.350666316399,33.9921046397856</coordinates></LinearRing></outerBoundaryIs></Polygon></MultiGeometry>
  </Placemark>
  <Placemark>
	<Style><LineStyle><color>ff0000ff</color></LineStyle><PolyStyle><fill>0</fill></PolyStyle></Style>
	<ExtendedData><SchemaData schemaUrl="#c392_hidakagunhidakagawachou">
		<SimpleData name="市町村">日高川町</SimpleData>
		<SimpleData name="大字">大字弥谷</SimpleData>
		<SimpleData name="字">字幸中</SimpleData>
		<SimpleData name="q_kyouyuushakanrenjouhou_tkigo"></SimpleData>
		<SimpleData name="地番">281-2</SimpleData>
		<SimpleData name="地目">保安林</SimpleData>
		<SimpleData name="面積">0.4764</SimpleData>
		<SimpleData name="乙区分"></SimpleData>
		<SimpleData name="共有者数">0</SimpleData>
		<SimpleData name="登記年月日">2014/11/28</SimpleData>
		<SimpleData name="q_kyouyuushakanrenjouhou_keyno"></SimpleData>
		<SimpleData name="持ち分"></SimpleData>
	</SchemaData></ExtendedData>
      <MultiGeometry><Polygon><outerBoundaryIs><LinearRing><coordinates>135.35244053613,33.9920081170149 135.352563925498,33.9919587356732 135.35273955754,33.9918916069665 135.3528981702,33.9918122529427 135.353022096475,33.9917549407738 135.353211760894,33.9917084146303 135.353302580341,33.9916692486548 135.353450018675,33.9916257279079 135.353550282647,33.9915870360345 135.353631810491,33.991537000878 135.353702421332,33.991491941055 135.353661980673,33.9914663386217 135.353632577409,33.9913942643383 135.35360868835,33.9913142750121 135.35356745629,33.991323298885 135.353447485812,33.9913299182473 135.353297908134,33.9913329990611 135.353141893516,33.9913396360248 135.353085410474,33.991351500737 135.353014155307,33.9913588707981 135.35294146006,33.9914004309687 135.352876955244,33.991413869064 135.352794857303,33.9914492569177 135.352710334791,33.9914830640757 135.352606051122,33.9915437980894 135.352499221388,33.9915946992779 135.352381011908,33.991654484352 135.352298741697,33.991726783405 135.352350659898,33.9918415510155 135.352429656177,33.9919584076884 135.35244053613,33.9920081170149</coordinates></LinearRing></outerBoundaryIs></Polygon></MultiGeometry>
  </Placemark>
  <Placemark>
	<Style><LineStyle><color>ff0000ff</color></LineStyle><PolyStyle><fill>0</fill></PolyStyle></Style>
	<ExtendedData><SchemaData schemaUrl="#c392_hidakagunhidakagawachou">
		<SimpleData name="市町村">日高川町</SimpleData>
		<SimpleData name="大字">大字弥谷</SimpleData>
		<SimpleData name="字">字幸中</SimpleData>
		<SimpleData name="q_kyouyuushakanrenjouhou_tkigo"></SimpleData>
		<SimpleData name="地番">281-1</SimpleData>
		<SimpleData name="地目">保安林</SimpleData>
		<SimpleData name="面積">0.6078</SimpleData>
		<SimpleData name="乙区分"></SimpleData>
		<SimpleData name="共有者数">0</SimpleData>
		<SimpleData name="登記年月日">2014/11/28</SimpleData>
		<SimpleData name="q_kyouyuushakanrenjouhou_keyno"></SimpleData>
		<SimpleData name="持ち分"></SimpleData>
	</SchemaData></ExtendedData>
      <MultiGeometry><Polygon><outerBoundaryIs><LinearRing><coordinates>135.352666797336,33.992525564349 135.352845269393,33.992455185751 135.35295301763,33.9923887554246 135.353120401838,33.9922802624377 135.353256947785,33.992163186159 135.353406791149,33.9920240543245 135.353650201479,33.9917997609089 135.353779676035,33.9916659050524 135.353835707335,33.9916007701621 135.353803175789,33.9915612885948 135.353716533645,33.99148780381 135.353702421332,33.991491941055 135.353631810491,33.991537000878 135.353550282647,33.9915870360345 135.353450018675,33.9916257279079 135.353302580341,33.9916692486548 135.353211760894,33.9917084146303 135.353022096475,33.9917549407738 135.3528981702,33.9918122529427 135.35273955754,33.9918916069665 135.352563925498,33.9919587356732 135.35244053613,33.9920081170149 135.352452227854,33.9920548363965 135.35249727719,33.9922191549316 135.352564284014,33.9923254636975 135.352645132741,33.9924818940219 135.352666797336,33.992525564349</coordinates></LinearRing></outerBoundaryIs></Polygon></MultiGeometry>
  </Placemark>
  <Placemark>
	<Style><LineStyle><color>ff0000ff</color></LineStyle><PolyStyle><fill>0</fill></PolyStyle></Style>
	<ExtendedData><SchemaData schemaUrl="#c392_hidakagunhidakagawachou">
		<SimpleData name="市町村">日高川町</SimpleData>
		<SimpleData name="大字">大字弥谷</SimpleData>
		<SimpleData name="字">字幸中</SimpleData>
		<SimpleData name="q_kyouyuushakanrenjouhou_tkigo"></SimpleData>
		<SimpleData name="地番">281</SimpleData>
		<SimpleData name="地目">保安林</SimpleData>
		<SimpleData name="面積">1.1283</SimpleData>
		<SimpleData name="乙区分"></SimpleData>
		<SimpleData name="共有者数">0</SimpleData>
		<SimpleData name="登記年月日">2014/11/28</SimpleData>
		<SimpleData name="q_kyouyuushakanrenjouhou_keyno"></SimpleData>
		<SimpleData name="持ち分"></SimpleData>
	</SchemaData></ExtendedData>
      <MultiGeometry><Polygon><outerBoundaryIs><LinearRing><coordinates>135.353063522467,33.9933811776279 135.353110044901,33.9932483910736 135.353233995299,33.9930868718312 135.353251105527,33.9929928256458 135.353283087347,33.9928763176129 135.353372141505,33.9927629946728 135.353545747456,33.9926346634352 135.353953157141,33.992469131883 135.35398571238,33.9923351987161 135.353969752845,33.9922970682567 135.353974625734,33.9921566415526 135.354019099022,33.9920670756202 135.353974381841,33.9918899557292 135.353965478121,33.9917321829017 135.353927490384,33.9916700623671 135.353868107662,33.9916129757984 135.353835707335,33.9916007701621 135.353779676035,33.9916659050524 135.353650201479,33.9917997609089 135.353406791149,33.9920240543245 135.353256947785,33.992163186159 135.353120401838,33.9922802624377 135.35295301763,33.9923887554246 135.352845269393,33.992455185751 135.352666797336,33.992525564349 135.352683460561,33.9925718861117 135.352649750555,33.9927978572595 135.352632368635,33.9929246480689 135.35263584179,33.9930218850478 135.352648938729,33.993084733321 135.352675554145,33.9931478591885 135.352729343036,33.9932387891266 135.352874020846,33.9933184943746 135.353063522467,33.9933811776279</coordinates></LinearRing></outerBoundaryIs></Polygon></MultiGeometry>
  </Placemark>
  <Placemark>
	<Style><LineStyle><color>ff0000ff</color></LineStyle><PolyStyle><fill>0</fill></PolyStyle></Style>
	<ExtendedData><SchemaData schemaUrl="#c392_hidakagunhidakagawachou">
		<SimpleData name="市町村">日高川町</SimpleData>
		<SimpleData name="大字">大字弥谷</SimpleData>
		<SimpleData name="字">字洞谷</SimpleData>
		<SimpleData name="q_kyouyuushakanrenjouhou_tkigo"></SimpleData>
		<SimpleData name="地番">284-9</SimpleData>
		<SimpleData name="地目">保安林</SimpleData>
		<SimpleData name="面積">4.2561</SimpleData>
		<SimpleData name="乙区分"></SimpleData>
		<SimpleData name="共有者数">0</SimpleData>
		<SimpleData name="登記年月日">2016/1/8</SimpleData>
		<SimpleData name="q_kyouyuushakanrenjouhou_keyno"></SimpleData>
		<SimpleData name="持ち分"></SimpleData>
	</SchemaData></ExtendedData>
      <MultiGeometry><Polygon><outerBoundaryIs><LinearRing><coordinates>135.351447886258,33.991539952302 135.35138002151,33.9915381240247 135.351300828381,33.9915360033668 135.35118999237,33.991577017875 135.351149017449,33.9916304830962 135.351114662656,33.991721372604 135.351100609515,33.9917688218617 135.351077307555,33.9918525297979 135.351037939894,33.9919166612785 135.350983779031,33.991967675758 135.351022721507,33.9920491704092 135.35104668618,33.9920890213485 135.3511401039,33.9920682002293 135.351177998592,33.9920483304482 135.351250896158,33.9921186240878 135.351366754744,33.9921601496118 135.351507195905,33.9921646586544 135.351607778835,33.9921625480016 135.351805595087,33.9921548439494 135.351977246882,33.9921414848726 135.352129804515,33.9921355903403 135.352133091526,33.9922428710961 135.352121078589,33.9923481589852 135.35210903129,33.9924809292843 135.35206890822,33.9925876018488 135.352002335411,33.9927036388614 135.351947159164,33.9928098462088 135.352007569066,33.992826952209 135.3518602602,33.9929284619366 135.351716485507,33.9930091099376 135.351655567446,33.9930747139593 135.35157817219,33.9934525635858 135.351279895274,33.9933603811828 135.351158898858,33.9933093337228 135.351022097096,33.9932588438089 135.350903493772,33.9932333339359 135.350905276517,33.9934301897889 135.350905161915,33.9934851146885 135.351019295848,33.9934918837577 135.351080686508,33.9934868069974 135.351078673502,33.9935424350499 135.351100409225,33.9935494830039 135.351106787667,33.9935817028837 135.351106153101,33.9936140579795 135.35108832303,33.9936499738597 135.351123835464,33.9937312700503 135.351104851486,33.9937637708946 135.351073866361,33.9938316070723 135.351009884412,33.9938542964471 135.350926086262,33.9938666020948 135.350946717249,33.9939477648217 135.350945117636,33.994034138722 135.350971600128,33.9940847229791 135.351326903583,33.9940654642696 135.351540346573,33.9940672287291 135.351596988196,33.9940833422432 135.351669423356,33.9941505136503 135.351757185088,33.9942277753424 135.35186535631,33.9943029067242 135.351919513762,33.9943465590121 135.352020056337,33.9944514759164 135.352099163487,33.9945295933808 135.35200626046,33.9945933611442 135.35189523735,33.9946656607938 135.352123278151,33.9946824596054 135.352362045871,33.9946235349469 135.35252061423,33.9946235130717 135.352839466392,33.9945611140258 135.353000212223,33.9945364270816 135.353149367889,33.9944940779421 135.353367437659,33.9943810636685 135.353585232894,33.9943413837515 135.35378156112,33.9942992564455 135.353711896153,33.9941919327148 135.353623511682,33.9940778937463 135.353538841906,33.9939566262659 135.353494944655,33.9938614750779 135.353464275216,33.9937678440651 135.353359127432,33.9936450082466 135.353197838716,33.9934586010565 135.353063522467,33.9933811776279 135.352874020846,33.9933184943746 135.352729343036,33.9932387891266 135.352675554145,33.9931478591885 135.352648938729,33.993084733321 135.35263584179,33.9930218850478 135.352632368635,33.9929246480689 135.352649750555,33.9927978572595 135.352683460561,33.9925718861117 135.352666797336,33.992525564349 135.352645132741,33.9924818940219 135.352564284014,33.9923254636975 135.35249727719,33.9922191549316 135.352452227854,33.9920548363965 135.35244053613,33.9920081170149 135.352429656177,33.9919584076884 135.352350659898,33.9918415510155 135.352298741697,33.991726783405 135.352241389492,33.9917163465612 135.352125225521,33.9916479083666 135.352066540492,33.9916231289692 135.351905137253,33.9915798413892 135.351712096335,33.9915762087996 135.351589195474,33.991578103647 135.351511076207,33.9915543052834 135.351447886258,33.991539952302</coordinates></LinearRing></outerBoundaryIs></Polygon></MultiGeometry>
  </Placemark>
  <Placemark>
	<Style><LineStyle><color>ff0000ff</color></LineStyle><PolyStyle><fill>0</fill></PolyStyle></Style>
	<ExtendedData><SchemaData schemaUrl="#c392_hidakagunhidakagawachou">
		<SimpleData name="市町村">日高川町</SimpleData>
		<SimpleData name="大字">大字弥谷</SimpleData>
		<SimpleData name="字">字洞谷</SimpleData>
		<SimpleData name="q_kyouyuushakanrenjouhou_tkigo"></SimpleData>
		<SimpleData name="地番">284-4</SimpleData>
		<SimpleData name="地目">保安林</SimpleData>
		<SimpleData name="面積">0.5416</SimpleData>
		<SimpleData name="乙区分"></SimpleData>
		<SimpleData name="共有者数">0</SimpleData>
		<SimpleData name="登記年月日">2016/1/8</SimpleData>
		<SimpleData name="q_kyouyuushakanrenjouhou_keyno"></SimpleData>
		<SimpleData name="持ち分"></SimpleData>
	</SchemaData></ExtendedData>
      <MultiGeometry><Polygon><outerBoundaryIs><LinearRing><coordinates>135.350903493772,33.9932333339359 135.351022097096,33.9932588438089 135.351158898858,33.9933093337228 135.351279895274,33.9933603811828 135.35157817219,33.9934525635858 135.351655567446,33.9930747139593 135.351716485507,33.9930091099376 135.3518602602,33.9929284619366 135.352007569066,33.992826952209 135.351947159164,33.9928098462088 135.351725280267,33.9927534181529 135.351466106041,33.9927177643363 135.351318796486,33.9927295740631 135.351182924334,33.9927105460772 135.351132369537,33.9927056181797 135.35104462517,33.9926961123188 135.350914503386,33.9926838583419 135.350857874345,33.9926834513677 135.350867903782,33.9927294579689 135.350874621395,33.9927643141306 135.350880160902,33.9928000819054 135.350885377447,33.9928359029733 135.350889439157,33.9928711409234 135.350892741208,33.9929080608583 135.350900043556,33.9930237386787 135.350901762019,33.9930868507704 135.350903493772,33.9932333339359</coordinates></LinearRing></outerBoundaryIs></Polygon></MultiGeometry>
  </Placemark>
  <Placemark>
	<Style><LineStyle><color>ff0000ff</color></LineStyle><PolyStyle><fill>0</fill></PolyStyle></Style>
	<ExtendedData><SchemaData schemaUrl="#c392_hidakagunhidakagawachou">
		<SimpleData name="市町村">日高川町</SimpleData>
		<SimpleData name="大字">大字弥谷</SimpleData>
		<SimpleData name="字">字洞谷</SimpleData>
		<SimpleData name="q_kyouyuushakanrenjouhou_tkigo"></SimpleData>
		<SimpleData name="地番">284-11</SimpleData>
		<SimpleData name="地目">保安林</SimpleData>
		<SimpleData name="面積">0.1578</SimpleData>
		<SimpleData name="乙区分"></SimpleData>
		<SimpleData name="共有者数">0</SimpleData>
		<SimpleData name="登記年月日">2016/1/8</SimpleData>
		<SimpleData name="q_kyouyuushakanrenjouhou_keyno"></SimpleData>
		<SimpleData name="持ち分"></SimpleData>
	</SchemaData></ExtendedData>
      <MultiGeometry><Polygon><outerBoundaryIs><LinearRing><coordinates>135.350691259016,33.9932609840695 135.350903493772,33.9932333339359 135.350901762019,33.9930868507704 135.350900043556,33.9930237386787 135.350892741208,33.9929080608583 135.350889439157,33.9928711409234 135.350885377447,33.9928359029733 135.350880160902,33.9928000819054 135.350874621395,33.9927643141306 135.350867903782,33.9927294579689 135.350857874345,33.9926834513677 135.350555005496,33.9927284828322 135.350568792643,33.9928170657427 135.350608604452,33.9929950003011 135.35066236046,33.9931966646358 135.350691259016,33.9932609840695</coordinates></LinearRing></outerBoundaryIs></Polygon></MultiGeometry>
  </Placemark>
  <Placemark>
	<Style><LineStyle><color>ff0000ff</color></LineStyle><PolyStyle><fill>0</fill></PolyStyle></Style>
	<ExtendedData><SchemaData schemaUrl="#c392_hidakagunhidakagawachou">
		<SimpleData name="市町村">日高川町</SimpleData>
		<SimpleData name="大字">大字弥谷</SimpleData>
		<SimpleData name="字">字洞谷</SimpleData>
		<SimpleData name="q_kyouyuushakanrenjouhou_tkigo"></SimpleData>
		<SimpleData name="地番">284-1</SimpleData>
		<SimpleData name="地目">保安林</SimpleData>
		<SimpleData name="面積">0.7874</SimpleData>
		<SimpleData name="乙区分"></SimpleData>
		<SimpleData name="共有者数">0</SimpleData>
		<SimpleData name="登記年月日">2016/1/8</SimpleData>
		<SimpleData name="q_kyouyuushakanrenjouhou_keyno"></SimpleData>
		<SimpleData name="持ち分"></SimpleData>
	</SchemaData></ExtendedData>
      <MultiGeometry><Polygon><outerBoundaryIs><LinearRing><coordinates>135.350914503386,33.9926838583419 135.35104462517,33.9926961123188 135.351132369537,33.9927056181797 135.351182924334,33.9927105460772 135.351318796486,33.9927295740631 135.351466106041,33.9927177643363 135.351725280267,33.9927534181529 135.351947159164,33.9928098462088 135.352002335411,33.9927036388614 135.35206890822,33.9925876018488 135.35210903129,33.9924809292843 135.352121078589,33.9923481589852 135.352133091526,33.9922428710961 135.352129804515,33.9921355903403 135.351977246882,33.9921414848726 135.351805595087,33.9921548439494 135.351607778835,33.9921625480016 135.351507195905,33.9921646586544 135.351366754744,33.9921601496118 135.351250896158,33.9921186240878 135.351177998592,33.9920483304482 135.3511401039,33.9920682002293 135.35104668618,33.9920890213485 135.351022721507,33.9920491704092 135.350983779031,33.991967675758 135.350931500016,33.9920016607885 135.350859775501,33.9920447494428 135.350795259801,33.9920708980512 135.35071826865,33.9920921482076 135.350666316399,33.9921046397856 135.350713910031,33.9922469390616 135.350738161845,33.9922545773818 135.350886393576,33.9923050188208 135.350915408846,33.9924109116335 135.350915373357,33.9925495244348 135.350914503386,33.9926838583419</coordinates></LinearRing></outerBoundaryIs></Polygon></MultiGeometry>
  </Placemark>
  <Placemark>
	<Style><LineStyle><color>ff0000ff</color></LineStyle><PolyStyle><fill>0</fill></PolyStyle></Style>
	<ExtendedData><SchemaData schemaUrl="#c392_hidakagunhidakagawachou">
		<SimpleData name="市町村">日高川町</SimpleData>
		<SimpleData name="大字">大字弥谷</SimpleData>
		<SimpleData name="字">字洞谷</SimpleData>
		<SimpleData name="q_kyouyuushakanrenjouhou_tkigo"></SimpleData>
		<SimpleData name="地番">114</SimpleData>
		<SimpleData name="地目">田</SimpleData>
		<SimpleData name="面積">0.0471</SimpleData>
		<SimpleData name="乙区分"></SimpleData>
		<SimpleData name="共有者数">0</SimpleData>
		<SimpleData name="登記年月日">2016/1/8</SimpleData>
		<SimpleData name="q_kyouyuushakanrenjouhou_keyno"></SimpleData>
		<SimpleData name="持ち分"></SimpleData>
	</SchemaData></ExtendedData>
      <MultiGeometry><Polygon><outerBoundaryIs><LinearRing><coordinates>135.350857874345,33.9926834513677 135.350914503386,33.9926838583419 135.350915373357,33.9925495244348 135.350915408846,33.9924109116335 135.350886393576,33.9923050188208 135.350738161845,33.9922545773818 135.350713910031,33.9922469390616 135.350736095301,33.9923101050784 135.350788054517,33.9924477110878 135.350800486902,33.9924823260293 135.350811994324,33.9925164492242 135.350822821381,33.9925516498471 135.350833404276,33.9925876443923 135.3508429475,33.992622289164 135.350852187391,33.9926569683984 135.350857874345,33.9926834513677</coordinates></LinearRing></outerBoundaryIs></Polygon></MultiGeometry>
  </Placemark>
  <Placemark>
	<Style><LineStyle><color>ff0000ff</color></LineStyle><PolyStyle><fill>0</fill></PolyStyle></Style>
	<ExtendedData><SchemaData schemaUrl="#c392_hidakagunhidakagawachou">
		<SimpleData name="市町村">日高川町</SimpleData>
		<SimpleData name="大字">大字弥谷</SimpleData>
		<SimpleData name="字">字洞谷</SimpleData>
		<SimpleData name="q_kyouyuushakanrenjouhou_tkigo"></SimpleData>
		<SimpleData name="地番">114-2</SimpleData>
		<SimpleData name="地目">公衆用道路</SimpleData>
		<SimpleData name="面積">0.0162</SimpleData>
		<SimpleData name="乙区分"></SimpleData>
		<SimpleData name="共有者数">0</SimpleData>
		<SimpleData name="登記年月日">2016/1/8</SimpleData>
		<SimpleData name="q_kyouyuushakanrenjouhou_keyno"></SimpleData>
		<SimpleData name="持ち分"></SimpleData>
	</SchemaData></ExtendedData>
      <MultiGeometry><Polygon><outerBoundaryIs><LinearRing><coordinates>135.350857874345,33.9926834513677 135.350852187391,33.9926569683984 135.3508429475,33.992622289164 135.350833404276,33.9925876443923 135.350822821381,33.9925516498471 135.350811994324,33.9925164492242 135.350800486902,33.9924823260293 135.350788054517,33.9924477110878 135.350736095301,33.9923101050784 135.350713910031,33.9922469390616 135.350738222093,33.9925100642823 135.350857874345,33.9926834513677</coordinates></LinearRing></outerBoundaryIs></Polygon></MultiGeometry>
  </Placemark>
  <Placemark>
	<Style><LineStyle><color>ff0000ff</color></LineStyle><PolyStyle><fill>0</fill></PolyStyle></Style>
	<ExtendedData><SchemaData schemaUrl="#c392_hidakagunhidakagawachou">
		<SimpleData name="市町村">日高川町</SimpleData>
		<SimpleData name="大字">大字弥谷</SimpleData>
		<SimpleData name="字">字洞谷</SimpleData>
		<SimpleData name="q_kyouyuushakanrenjouhou_tkigo"></SimpleData>
		<SimpleData name="地番">115</SimpleData>
		<SimpleData name="地目">公衆用道路</SimpleData>
		<SimpleData name="面積">0.141</SimpleData>
		<SimpleData name="乙区分"></SimpleData>
		<SimpleData name="共有者数">0</SimpleData>
		<SimpleData name="登記年月日">2016/1/8</SimpleData>
		<SimpleData name="q_kyouyuushakanrenjouhou_keyno"></SimpleData>
		<SimpleData name="持ち分"></SimpleData>
	</SchemaData></ExtendedData>
      <MultiGeometry><Polygon><outerBoundaryIs><LinearRing><coordinates>135.350555005496,33.9927284828322 135.350857874345,33.9926834513677 135.350738222093,33.9925100642823 135.350713910031,33.9922469390616 135.350666316399,33.9921046397856 135.350478652508,33.9921381813844 135.350492165766,33.9922839333635 135.350500467648,33.9923707382233 135.350555005496,33.9927284828322</coordinates></LinearRing></outerBoundaryIs></Polygon></MultiGeometry>
  </Placemark>
  <Placemark>
	<Style><LineStyle><color>ff0000ff</color></LineStyle><PolyStyle><fill>0</fill></PolyStyle></Style>
	<ExtendedData><SchemaData schemaUrl="#c392_hidakagunhidakagawachou">
		<SimpleData name="市町村">日高川町</SimpleData>
		<SimpleData name="大字">大字弥谷</SimpleData>
		<SimpleData name="字">字洞谷</SimpleData>
		<SimpleData name="q_kyouyuushakanrenjouhou_tkigo"></SimpleData>
		<SimpleData name="地番">285</SimpleData>
		<SimpleData name="地目">保安林</SimpleData>
		<SimpleData name="面積">1.7708</SimpleData>
		<SimpleData name="乙区分"></SimpleData>
		<SimpleData name="共有者数">1</SimpleData>
		<SimpleData name="登記年月日">2016/1/8</SimpleData>
		<SimpleData name="q_kyouyuushakanrenjouhou_keyno">2</SimpleData>
		<SimpleData name="持ち分">２分の１</SimpleData>
	</SchemaData></ExtendedData>
      <MultiGeometry><Polygon><outerBoundaryIs><LinearRing><coordinates>135.351441299637,33.9977101280743 135.351468191474,33.9976755492307 135.35151616736,33.9975146772085 135.351653456831,33.9973651131305 135.35184471285,33.9971394127145 135.351974674751,33.9970439056599 135.352034531681,33.9970159016891 135.352170242458,33.9969574362893 135.352268847404,33.9968829423743 135.352366547299,33.9968392512903 135.3524776589,33.9967868581516 135.35254517429,33.9967610941433 135.352501208267,33.9966549959519 135.352435890757,33.9964738461507 135.352369228778,33.9964172714486 135.35223299867,33.9963376371453 135.352163095576,33.9962574503884 135.352123810773,33.9961679030414 135.352035256819,33.9961091400873 135.351930337498,33.9960731536381 135.351786819578,33.9960466117516 135.351712743776,33.9960783553526 135.351623173852,33.9961077803794 135.351478513605,33.9961476710304 135.351258992227,33.9961689093603 135.35113695232,33.9961536498999 135.350972721301,33.99622621891 135.350882514117,33.9963066435508 135.350762866531,33.9963054450744 135.350736052206,33.9963214602355 135.350598348876,33.9963658134172 135.350685998444,33.9964922737753 135.350759730482,33.9965783870485 135.350813415426,33.9966602200819 135.350885925162,33.9967434056446 135.350932248395,33.9967798411849 135.350946983401,33.9968307421213 135.35096812635,33.9968560624055 135.350969878714,33.9968930913482 135.350981937478,33.9969216987221 135.350976385092,33.9969799668872 135.351000120639,33.9971282700689 135.351000896058,33.9972499270468 135.351023573817,33.9972839648734 135.351028835301,33.9973381156761 135.351065873366,33.9974112865596 135.35119109835,33.9975503156063 135.351135838778,33.9975870528643 135.351240984558,33.9976505490006 135.351290697155,33.9977126870579 135.351441299637,33.9977101280743</coordinates></LinearRing></outerBoundaryIs></Polygon></MultiGeometry>
  </Placemark>
  <Placemark>
	<Style><LineStyle><color>ff0000ff</color></LineStyle><PolyStyle><fill>0</fill></PolyStyle></Style>
	<ExtendedData><SchemaData schemaUrl="#c392_hidakagunhidakagawachou">
		<SimpleData name="市町村">日高川町</SimpleData>
		<SimpleData name="大字">大字弥谷</SimpleData>
		<SimpleData name="字">字洞谷</SimpleData>
		<SimpleData name="q_kyouyuushakanrenjouhou_tkigo"></SimpleData>
		<SimpleData name="地番">285</SimpleData>
		<SimpleData name="地目">保安林</SimpleData>
		<SimpleData name="面積">1.7708</SimpleData>
		<SimpleData name="乙区分"></SimpleData>
		<SimpleData name="共有者数">1</SimpleData>
		<SimpleData name="登記年月日">2016/1/8</SimpleData>
		<SimpleData name="q_kyouyuushakanrenjouhou_keyno">1</SimpleData>
		<SimpleData name="持ち分">２分の１</SimpleData>
	</SchemaData></ExtendedData>
      <MultiGeometry><Polygon><outerBoundaryIs><LinearRing><coordinates>135.351441299637,33.9977101280743 135.351468191474,33.9976755492307 135.35151616736,33.9975146772085 135.351653456831,33.9973651131305 135.35184471285,33.9971394127145 135.351974674751,33.9970439056599 135.352034531681,33.9970159016891 135.352170242458,33.9969574362893 135.352268847404,33.9968829423743 135.352366547299,33.9968392512903 135.3524776589,33.9967868581516 135.35254517429,33.9967610941433 135.352501208267,33.9966549959519 135.352435890757,33.9964738461507 135.352369228778,33.9964172714486 135.35223299867,33.9963376371453 135.352163095576,33.9962574503884 135.352123810773,33.9961679030414 135.352035256819,33.9961091400873 135.351930337498,33.9960731536381 135.351786819578,33.9960466117516 135.351712743776,33.9960783553526 135.351623173852,33.9961077803794 135.351478513605,33.9961476710304 135.351258992227,33.9961689093603 135.35113695232,33.9961536498999 135.350972721301,33.99622621891 135.350882514117,33.9963066435508 135.350762866531,33.9963054450744 135.350736052206,33.9963214602355 135.350598348876,33.9963658134172 135.350685998444,33.9964922737753 135.350759730482,33.9965783870485 135.350813415426,33.9966602200819 135.350885925162,33.9967434056446 135.350932248395,33.9967798411849 135.350946983401,33.9968307421213 135.35096812635,33.9968560624055 135.350969878714,33.9968930913482 135.350981937478,33.9969216987221 135.350976385092,33.9969799668872 135.351000120639,33.9971282700689 135.351000896058,33.9972499270468 135.351023573817,33.9972839648734 135.351028835301,33.9973381156761 135.351065873366,33.9974112865596 135.35119109835,33.9975503156063 135.351135838778,33.9975870528643 135.351240984558,33.9976505490006 135.351290697155,33.9977126870579 135.351441299637,33.9977101280743</coordinates></LinearRing></outerBoundaryIs></Polygon></MultiGeometry>
  </Placemark>
  <Placemark>
	<Style><LineStyle><color>ff0000ff</color></LineStyle><PolyStyle><fill>0</fill></PolyStyle></Style>
	<ExtendedData><SchemaData schemaUrl="#c392_hidakagunhidakagawachou">
		<SimpleData name="市町村">日高川町</SimpleData>
		<SimpleData name="大字">大字弥谷</SimpleData>
		<SimpleData name="字">字洞谷</SimpleData>
		<SimpleData name="q_kyouyuushakanrenjouhou_tkigo"></SimpleData>
		<SimpleData name="地番">286</SimpleData>
		<SimpleData name="地目">保安林</SimpleData>
		<SimpleData name="面積">1.9155</SimpleData>
		<SimpleData name="乙区分"></SimpleData>
		<SimpleData name="共有者数">0</SimpleData>
		<SimpleData name="登記年月日">2016/1/8</SimpleData>
		<SimpleData name="q_kyouyuushakanrenjouhou_keyno"></SimpleData>
		<SimpleData name="持ち分"></SimpleData>
	</SchemaData></ExtendedData>
      <MultiGeometry><Polygon><outerBoundaryIs><LinearRing><coordinates>135.352212905185,33.9979995950224 135.352314716456,33.9979335290002 135.35249325022,33.9978308749944 135.352701468328,33.9977649187692 135.352779095438,33.9977474944519 135.352864431301,33.9977227337454 135.352987919605,33.9976827851349 135.353102068318,33.997642813434 135.353252023525,33.9976072313321 135.35339320062,33.9975785271966 135.353518740774,33.9975350166943 135.353633864212,33.9975092137565 135.353834340103,33.9974233526694 135.353936108532,33.9973711264274 135.354090301173,33.9972762853381 135.354172006135,33.9971990946336 135.354239589316,33.9971284402786 135.354118114828,33.9970766899573 135.354008923043,33.997025691034 135.3539022734,33.9969862260127 135.353795861403,33.9969711432208 135.353622492825,33.9969695291814 135.35349798424,33.9969828668586 135.353360386618,33.9969790250417 135.353205662318,33.9969428770495 135.353126366605,33.9968919263316 135.353082748759,33.9968440383857 135.35294594456,33.9968313808259 135.352786179492,33.9968190900853 135.352608627533,33.9967853646605 135.35254517429,33.9967610941433 135.3524776589,33.9967868581516 135.352366547299,33.9968392512903 135.352268847404,33.9968829423743 135.352170242458,33.9969574362893 135.352034531681,33.9970159016891 135.351974674751,33.9970439056599 135.35184471285,33.9971394127145 135.351653456831,33.9973651131305 135.35151616736,33.9975146772085 135.351468191474,33.9976755492307 135.351441299637,33.9977101280743 135.351720892171,33.9977632363948 135.351814501923,33.9977834918258 135.351896071247,33.9978486483472 135.35207017456,33.997944484995 135.352212905185,33.9979995950224</coordinates></LinearRing></outerBoundaryIs></Polygon></MultiGeometry>
  </Placemark>
  <Placemark>
	<Style><LineStyle><color>ff0000ff</color></LineStyle><PolyStyle><fill>0</fill></PolyStyle></Style>
	<ExtendedData><SchemaData schemaUrl="#c392_hidakagunhidakagawachou">
		<SimpleData name="市町村">日高川町</SimpleData>
		<SimpleData name="大字">大字弥谷</SimpleData>
		<SimpleData name="字">字洞谷</SimpleData>
		<SimpleData name="q_kyouyuushakanrenjouhou_tkigo"></SimpleData>
		<SimpleData name="地番">285-1</SimpleData>
		<SimpleData name="地目">保安林</SimpleData>
		<SimpleData name="面積">0.3479</SimpleData>
		<SimpleData name="乙区分"></SimpleData>
		<SimpleData name="共有者数">0</SimpleData>
		<SimpleData name="登記年月日">2016/1/8</SimpleData>
		<SimpleData name="q_kyouyuushakanrenjouhou_keyno"></SimpleData>
		<SimpleData name="持ち分"></SimpleData>
	</SchemaData></ExtendedData>
      <MultiGeometry><Polygon><outerBoundaryIs><LinearRing><coordinates>135.351235472253,33.9944512629388 135.351320286618,33.9944475988734 135.351439414519,33.9944513203361 135.351527462527,33.9944766677429 135.351651880497,33.994509014748 135.351776669711,33.9945752998241 135.35189523735,33.9946656607938 135.35200626046,33.9945933611442 135.352099163487,33.9945295933808 135.352020056337,33.9944514759164 135.351919513762,33.9943465590121 135.35186535631,33.9943029067242 135.351757185088,33.9942277753424 135.351669423356,33.9941505136503 135.351596988196,33.9940833422432 135.351540346573,33.9940672287291 135.351326903583,33.9940654642696 135.350971600128,33.9940847229791 135.350964414491,33.9941341739188 135.350921725647,33.9941552003258 135.350947108883,33.9941779644146 135.350999215482,33.9942038438552 135.351027152415,33.9942439510608 135.351081551577,33.9942699868161 135.351123693372,33.9942726533313 135.351185281506,33.9943484691545 135.351225376798,33.9944193020623 135.351235472253,33.9944512629388</coordinates></LinearRing></outerBoundaryIs></Polygon></MultiGeometry>
  </Placemark>
  <Placemark>
	<Style><LineStyle><color>ff0000ff</color></LineStyle><PolyStyle><fill>0</fill></PolyStyle></Style>
	<ExtendedData><SchemaData schemaUrl="#c392_hidakagunhidakagawachou">
		<SimpleData name="市町村">日高川町</SimpleData>
		<SimpleData name="大字">大字弥谷</SimpleData>
		<SimpleData name="字">字洞谷</SimpleData>
		<SimpleData name="q_kyouyuushakanrenjouhou_tkigo"></SimpleData>
		<SimpleData name="地番">284-10</SimpleData>
		<SimpleData name="地目">公衆用道路</SimpleData>
		<SimpleData name="面積">0.4927</SimpleData>
		<SimpleData name="乙区分"></SimpleData>
		<SimpleData name="共有者数">0</SimpleData>
		<SimpleData name="登記年月日">2016/1/8</SimpleData>
		<SimpleData name="q_kyouyuushakanrenjouhou_keyno"></SimpleData>
		<SimpleData name="持ち分"></SimpleData>
	</SchemaData></ExtendedData>
      <MultiGeometry><Polygon><outerBoundaryIs><LinearRing><coordinates>135.350925592424,33.9947585347383 135.350990705557,33.9947151506386 135.351055083372,33.9946434713071 135.351147185098,33.994557059954 135.351211639128,33.9944879946788 135.351235472253,33.9944512629388 135.351225376798,33.9944193020623 135.351185281506,33.9943484691545 135.351123693372,33.9942726533313 135.351081551577,33.9942699868161 135.351027152415,33.9942439510608 135.350999215482,33.9942038438552 135.350947108883,33.9941779644146 135.350921725647,33.9941552003258 135.350964414491,33.9941341739188 135.350971600128,33.9940847229791 135.350945117636,33.994034138722 135.350946717249,33.9939477648217 135.350926086262,33.9938666020948 135.351009884412,33.9938542964471 135.351073866361,33.9938316070723 135.351104851486,33.9937637708946 135.351123835464,33.9937312700503 135.35108832303,33.9936499738597 135.351106153101,33.9936140579795 135.351106787667,33.9935817028837 135.351100409225,33.9935494830039 135.351078673502,33.9935424350499 135.351080686508,33.9934868069974 135.351019295848,33.9934918837577 135.350905161915,33.9934851146885 135.350905276517,33.9934301897889 135.350903493772,33.9932333339359 135.350691259016,33.9932609840695 135.350760701467,33.9934281286171 135.35078336634,33.993459733014 135.350784104827,33.9934806170774 135.350688645058,33.9934907711171 135.350761019698,33.9938957462914 135.350768413219,33.9939413612114 135.350772729169,33.9940015198354 135.350771565809,33.9940632471797 135.35075481828,33.9941348360328 135.350734176539,33.994187442773 135.350697030825,33.9942679399678 135.350624336022,33.9944001636631 135.350579666862,33.9944636259397 135.350568626795,33.9945118853261 135.350580728844,33.9945644764467 135.350797619108,33.9946455660687 135.350925592424,33.9947585347383</coordinates></LinearRing></outerBoundaryIs></Polygon></MultiGeometry>
  </Placemark>
  <Placemark>
	<Style><LineStyle><color>ff0000ff</color></LineStyle><PolyStyle><fill>0</fill></PolyStyle></Style>
	<ExtendedData><SchemaData schemaUrl="#c392_hidakagunhidakagawachou">
		<SimpleData name="市町村">日高川町</SimpleData>
		<SimpleData name="大字">大字弥谷</SimpleData>
		<SimpleData name="字">字洞谷</SimpleData>
		<SimpleData name="q_kyouyuushakanrenjouhou_tkigo"></SimpleData>
		<SimpleData name="地番">285-2</SimpleData>
		<SimpleData name="地目">保安林</SimpleData>
		<SimpleData name="面積">0.3101</SimpleData>
		<SimpleData name="乙区分"></SimpleData>
		<SimpleData name="共有者数">0</SimpleData>
		<SimpleData name="登記年月日">2016/1/8</SimpleData>
		<SimpleData name="q_kyouyuushakanrenjouhou_keyno"></SimpleData>
		<SimpleData name="持ち分"></SimpleData>
	</SchemaData></ExtendedData>
      <MultiGeometry><Polygon><outerBoundaryIs><LinearRing><coordinates>135.351041862235,33.9951779243358 135.351059703134,33.995085107634 135.35107324346,33.9950452480811 135.351133659834,33.9949862234167 135.351219347175,33.9949463909222 135.351303288313,33.9948883467502 135.351418379791,33.9948418629756 135.351505791276,33.9947844960284 135.351603990347,33.9947531961432 135.351708275238,33.9947158595767 135.351788282805,33.9946895216581 135.35189523735,33.9946656607938 135.351776669711,33.9945752998241 135.351651880497,33.994509014748 135.351527462527,33.9944766677429 135.351439414519,33.9944513203361 135.351320286618,33.9944475988734 135.351235472253,33.9944512629388 135.351211639128,33.9944879946788 135.351147185098,33.994557059954 135.351055083372,33.9946434713071 135.350990705557,33.9947151506386 135.350925592424,33.9947585347383 135.350925968262,33.9947788587929 135.350928811536,33.9948176155602 135.350949841753,33.9949274431579 135.350972314181,33.9950570125863 135.350984389012,33.9951345778491 135.351014094809,33.995139685246 135.351041862235,33.9951779243358</coordinates></LinearRing></outerBoundaryIs></Polygon></MultiGeometry>
  </Placemark>
  <Placemark>
	<Style><LineStyle><color>ff0000ff</color></LineStyle><PolyStyle><fill>0</fill></PolyStyle></Style>
	<ExtendedData><SchemaData schemaUrl="#c392_hidakagunhidakagawachou">
		<SimpleData name="市町村">日高川町</SimpleData>
		<SimpleData name="大字">大字弥谷</SimpleData>
		<SimpleData name="字">字洞谷</SimpleData>
		<SimpleData name="q_kyouyuushakanrenjouhou_tkigo"></SimpleData>
		<SimpleData name="地番">116-2</SimpleData>
		<SimpleData name="地目">公衆用道路</SimpleData>
		<SimpleData name="面積">0.3682</SimpleData>
		<SimpleData name="乙区分"></SimpleData>
		<SimpleData name="共有者数">0</SimpleData>
		<SimpleData name="登記年月日">2016/1/8</SimpleData>
		<SimpleData name="q_kyouyuushakanrenjouhou_keyno"></SimpleData>
		<SimpleData name="持ち分"></SimpleData>
	</SchemaData></ExtendedData>
      <MultiGeometry><Polygon><outerBoundaryIs><LinearRing><coordinates>135.350730869578,33.9952210920732 135.350715801456,33.9953194681981 135.350665087786,33.9954631319967 135.350640737334,33.9955110217953 135.35060895783,33.9955590716275 135.350680682313,33.9955804223334 135.350653560625,33.9957062949393 135.350635937357,33.9957819552668 135.350607966901,33.9958770968443 135.350527554507,33.9961141898905 135.350495305746,33.9961870230979 135.35051522929,33.9962318647795 135.350518272076,33.996254483958 135.350598348876,33.9963658134172 135.350736052206,33.9963214602355 135.350762866531,33.9963054450744 135.350777785863,33.9962709023646 135.350819470296,33.9962327863008 135.350932693036,33.9962189400835 135.351029467618,33.9961814752314 135.351059506178,33.9961403043371 135.351058111065,33.9961031240037 135.350992961304,33.9960343209211 135.350949307218,33.9959857197672 135.350939479777,33.9959071214135 135.350928198016,33.9957595691168 135.350925167913,33.9957023907757 135.350895184504,33.9956597500785 135.350898471292,33.9955748628266 135.350892897192,33.9955164367696 135.350898543271,33.995474307733 135.350929548411,33.9954339723382 135.350938163483,33.995418338061 135.350963123038,33.9953560880214 135.351001278077,33.9953320732286 135.351029639834,33.9952178449325 135.350730869578,33.9952210920732</coordinates></LinearRing></outerBoundaryIs></Polygon></MultiGeometry>
  </Placemark>
  <Placemark>
	<Style><LineStyle><color>ff0000ff</color></LineStyle><PolyStyle><fill>0</fill></PolyStyle></Style>
	<ExtendedData><SchemaData schemaUrl="#c392_hidakagunhidakagawachou">
		<SimpleData name="市町村">日高川町</SimpleData>
		<SimpleData name="大字">大字弥谷</SimpleData>
		<SimpleData name="字">字洞谷</SimpleData>
		<SimpleData name="q_kyouyuushakanrenjouhou_tkigo"></SimpleData>
		<SimpleData name="地番">284-6</SimpleData>
		<SimpleData name="地目">保安林</SimpleData>
		<SimpleData name="面積">2.0398</SimpleData>
		<SimpleData name="乙区分"></SimpleData>
		<SimpleData name="共有者数">0</SimpleData>
		<SimpleData name="登記年月日">2016/1/8</SimpleData>
		<SimpleData name="q_kyouyuushakanrenjouhou_keyno"></SimpleData>
		<SimpleData name="持ち分"></SimpleData>
	</SchemaData></ExtendedData>
      <MultiGeometry><Polygon><outerBoundaryIs><LinearRing><coordinates>135.351029639834,33.9952178449325 135.351001278077,33.9953320732286 135.350963123038,33.9953560880214 135.350938163483,33.995418338061 135.350929548411,33.9954339723382 135.350898543271,33.995474307733 135.350892897192,33.9955164367696 135.350898471292,33.9955748628266 135.350895184504,33.9956597500785 135.350925167913,33.9957023907757 135.350928198016,33.9957595691168 135.350939479777,33.9959071214135 135.350949307218,33.9959857197672 135.350992961304,33.9960343209211 135.351058111065,33.9961031240037 135.351059506178,33.9961403043371 135.351029467618,33.9961814752314 135.350932693036,33.9962189400835 135.350819470296,33.9962327863008 135.350777785863,33.9962709023646 135.350762866531,33.9963054450744 135.350882514117,33.9963066435508 135.350972721301,33.99622621891 135.35113695232,33.9961536498999 135.351258992227,33.9961689093603 135.351478513605,33.9961476710304 135.351623173852,33.9961077803794 135.351712743776,33.9960783553526 135.351786819578,33.9960466117516 135.351930337498,33.9960731536381 135.352035256819,33.9961091400873 135.352123810773,33.9961679030414 135.352163095576,33.9962574503884 135.35223299867,33.9963376371453 135.352369228778,33.9964172714486 135.352435890757,33.9964738461507 135.352501208267,33.9966549959519 135.35254517429,33.9967610941433 135.352608627533,33.9967853646605 135.352786179492,33.9968190900853 135.35294594456,33.9968313808259 135.353082748759,33.9968440383857 135.353080587452,33.996770871181 135.353069782167,33.9966940521189 135.35307194763,33.9966338627589 135.353067824596,33.9965337463224 135.353099061504,33.9964114822869 135.353103856682,33.9963556623822 135.353104778435,33.9962299120242 135.353112489468,33.9961692739709 135.353117869486,33.9961149808432 135.353135367352,33.9960044564106 135.353020514398,33.9959649835591 135.352837974571,33.9958540922197 135.35273586976,33.9958122338116 135.352663360604,33.9957331164425 135.352612240452,33.9956527763182 135.352535090562,33.9956016913526 135.352426068491,33.9954871822942 135.352379025041,33.995454513109 135.352242767109,33.9954172529818 135.352158732527,33.995310647046 135.352115798825,33.9952982953276 135.351968431069,33.9953159108978 135.351860743477,33.9953007827583 135.351658060723,33.9952486490372 135.351552850101,33.9952183949117 135.351497398298,33.995205290878 135.3514050626,33.99521689457 135.351208267583,33.9952204640675 135.351116890185,33.9952230475777 135.351029639834,33.9952178449325</coordinates></LinearRing></outerBoundaryIs></Polygon></MultiGeometry>
  </Placemark>
  <Placemark>
	<Style><LineStyle><color>ff0000ff</color></LineStyle><PolyStyle><fill>0</fill></PolyStyle></Style>
	<ExtendedData><SchemaData schemaUrl="#c392_hidakagunhidakagawachou">
		<SimpleData name="市町村">日高川町</SimpleData>
		<SimpleData name="大字">大字弥谷</SimpleData>
		<SimpleData name="字">字洞谷</SimpleData>
		<SimpleData name="q_kyouyuushakanrenjouhou_tkigo"></SimpleData>
		<SimpleData name="地番">284-5</SimpleData>
		<SimpleData name="地目">保安林</SimpleData>
		<SimpleData name="面積">6.7871</SimpleData>
		<SimpleData name="乙区分"></SimpleData>
		<SimpleData name="共有者数">0</SimpleData>
		<SimpleData name="登記年月日">2016/1/8</SimpleData>
		<SimpleData name="q_kyouyuushakanrenjouhou_keyno"></SimpleData>
		<SimpleData name="持ち分"></SimpleData>
	</SchemaData></ExtendedData>
      <MultiGeometry><Polygon><outerBoundaryIs><LinearRing><coordinates>135.356000658513,33.9970291732853 135.355909300469,33.9969371546182 135.355832156122,33.9968406040339 135.355752047089,33.9967639821771 135.355702768502,33.9965952420379 135.355647540518,33.9963687682878 135.355610834126,33.9962699860185 135.355596807465,33.9961606106229 135.355596009096,33.9961116585523 135.355521898106,33.9960192259387 135.355422468605,33.9959166077812 135.35538381109,33.9957938777241 135.355316382011,33.9956810316973 135.355211838409,33.9956007832266 135.355060185667,33.99555632288 135.354946269444,33.9955262081331 135.354831227823,33.9953726213043 135.354671986666,33.9952239317296 135.354606753088,33.9951760760809 135.354430785447,33.9950950988049 135.354363202482,33.995047050379 135.354278811245,33.9949074454192 135.354213276786,33.9948061402008 135.354117966062,33.9947063366682 135.354074950484,33.994617555621 135.354059099337,33.994532290075 135.354002704715,33.9944133613581 135.353900222123,33.9943387648127 135.35378156112,33.9942992564455 135.353585232894,33.9943413837515 135.353367437659,33.9943810636685 135.353149367889,33.9944940779421 135.353000212223,33.9945364270816 135.352839466392,33.9945611140258 135.35252061423,33.9946235130717 135.352362045871,33.9946235349469 135.352123278151,33.9946824596054 135.35189523735,33.9946656607938 135.351788282805,33.9946895216581 135.351708275238,33.9947158595767 135.351603990347,33.9947531961432 135.351505791276,33.9947844960284 135.351418379791,33.9948418629756 135.351303288313,33.9948883467502 135.351219347175,33.9949463909222 135.351133659834,33.9949862234167 135.35107324346,33.9950452480811 135.351059703134,33.995085107634 135.351041862235,33.9951779243358 135.35109394147,33.9951859879701 135.351178792493,33.9951891321847 135.351323362362,33.995162503033 135.351499577892,33.995144804986 135.351673091345,33.9952080750898 135.351724916646,33.995218228832 135.351844147797,33.9952340129642 135.35189428829,33.9952396777067 135.351967241897,33.9952856288946 135.352073694518,33.995272368058 135.35216278149,33.9952707815684 135.352286477492,33.9953886048636 135.352428597905,33.9954205943914 135.352491521609,33.9954989771345 135.352632298183,33.9956028520643 135.352748512446,33.9957681850249 135.353062882799,33.9959532971296 135.353120965464,33.9959764310738 135.353163795869,33.9959853377867 135.353170788529,33.9960054811415 135.353135367352,33.9960044564106 135.353117869486,33.9961149808432 135.353112489468,33.9961692739709 135.353104778435,33.9962299120242 135.353103856682,33.9963556623822 135.353099061504,33.9964114822869 135.353067824596,33.9965337463224 135.35307194763,33.9966338627589 135.353069782167,33.9966940521189 135.353080587452,33.996770871181 135.353082748759,33.9968440383857 135.353126366605,33.9968919263316 135.353205662318,33.9969428770495 135.353360386618,33.9969790250417 135.35349798424,33.9969828668586 135.353622492825,33.9969695291814 135.353795861403,33.9969711432208 135.3539022734,33.9969862260127 135.354008923043,33.997025691034 135.354118114828,33.9970766899573 135.354239589316,33.9971284402786 135.354337566848,33.9970878767348 135.354432895022,33.997032919587 135.354523112716,33.9970336373155 135.354604325257,33.9970588393766 135.354719056265,33.9970503080172 135.354827702013,33.9970262551446 135.354919440313,33.9969963613099 135.355057963901,33.9969475888445 135.355111057058,33.9969394200823 135.355212716791,33.996952981075 135.355382719359,33.9969989610192 135.355444209597,33.9970080909397 135.355580825171,33.9970502631312 135.355722875898,33.9971049219496 135.355798466549,33.9971276783946 135.355856008577,33.9971236880837 135.355903823754,33.997100441831 135.356000658513,33.9970291732853</coordinates></LinearRing></outerBoundaryIs></Polygon></MultiGeometry>
  </Placemark>
  <Placemark>
	<Style><LineStyle><color>ff0000ff</color></LineStyle><PolyStyle><fill>0</fill></PolyStyle></Style>
	<ExtendedData><SchemaData schemaUrl="#c392_hidakagunhidakagawachou">
		<SimpleData name="市町村">日高川町</SimpleData>
		<SimpleData name="大字">大字弥谷</SimpleData>
		<SimpleData name="字">字幸中</SimpleData>
		<SimpleData name="q_kyouyuushakanrenjouhou_tkigo"></SimpleData>
		<SimpleData name="地番">280</SimpleData>
		<SimpleData name="地目">保安林</SimpleData>
		<SimpleData name="面積">7.1338</SimpleData>
		<SimpleData name="乙区分"></SimpleData>
		<SimpleData name="共有者数">0</SimpleData>
		<SimpleData name="登記年月日">2014/11/28</SimpleData>
		<SimpleData name="q_kyouyuushakanrenjouhou_keyno"></SimpleData>
		<SimpleData name="持ち分"></SimpleData>
	</SchemaData></ExtendedData>
      <MultiGeometry><Polygon><outerBoundaryIs><LinearRing><coordinates>135.3564785403,33.996985989014 135.356479490483,33.9969186904165 135.356475460578,33.9968487592408 135.356483078863,33.9967686729611 135.356527569281,33.9967012234368 135.356588616457,33.9965696737496 135.356645475584,33.9963932943857 135.356681232775,33.9962679145727 135.35667532447,33.9960881496125 135.356663493701,33.9960579210927 135.356583876742,33.9960409423152 135.356526176546,33.9960114548154 135.35645445891,33.9959029597371 135.356395678459,33.9957425730583 135.356356310617,33.9956146743092 135.356304429773,33.9955427427481 135.356248310311,33.995374202316 135.356210050527,33.9952544399476 135.356178638242,33.9951697153406 135.356124526064,33.9950865570135 135.356096047046,33.9949803517732 135.356087667767,33.994839749274 135.35605892479,33.9947527647668 135.356013224017,33.9946639531997 135.355981894852,33.9946398508001 135.355964041508,33.9946030630924 135.355944332401,33.9944738137266 135.355919967695,33.9943315217687 135.355883632566,33.9942322365993 135.355864604638,33.9940427286867 135.355820641897,33.9939472993758 135.355791054811,33.9937599721253 135.355806636242,33.9936389497899 135.355838653394,33.9935630863369 135.3557740871,33.9934798190093 135.355660919461,33.9933591872226 135.355594022215,33.9932823360058 135.355430424466,33.9931603299779 135.355306124561,33.9930836106145 135.355222721286,33.9930239031939 135.355051170326,33.9929476752393 135.35491234076,33.9929472800667 135.354764774761,33.992961517882 135.354626219574,33.9929536062773 135.354365582512,33.9928951584162 135.354286346527,33.9929497492381 135.354298273435,33.9930387899196 135.354205576583,33.9929954782358 135.35416373384,33.9929120128837 135.354170782347,33.9928074650896 135.354104176792,33.9927449410358 135.354109894914,33.9925743250611 135.354073441501,33.9925210825814 135.353953157141,33.992469131883 135.353545747456,33.9926346634352 135.353372141505,33.9927629946728 135.353283087347,33.9928763176129 135.353251105527,33.9929928256458 135.353233995299,33.9930868718312 135.353110044901,33.9932483910736 135.353063522467,33.9933811776279 135.353197838716,33.9934586010565 135.353359127432,33.9936450082466 135.353464275216,33.9937678440651 135.353494944655,33.9938614750779 135.353538841906,33.9939566262659 135.353623511682,33.9940778937463 135.353711896153,33.9941919327148 135.35378156112,33.9942992564455 135.353900222123,33.9943387648127 135.354002704715,33.9944133613581 135.354059099337,33.994532290075 135.354074950484,33.994617555621 135.354117966062,33.9947063366682 135.354213276786,33.9948061402008 135.354278811245,33.9949074454192 135.354363202482,33.995047050379 135.354430785447,33.9950950988049 135.354606753088,33.9951760760809 135.354671986666,33.9952239317296 135.354831227823,33.9953726213043 135.354946269444,33.9955262081331 135.355060185667,33.99555632288 135.355211838409,33.9956007832266 135.355316382011,33.9956810316973 135.35538381109,33.9957938777241 135.355422468605,33.9959166077812 135.355521898106,33.9960192259387 135.355596009096,33.9961116585523 135.355596807465,33.9961606106229 135.355610834126,33.9962699860185 135.355647540518,33.9963687682878 135.355702768502,33.9965952420379 135.355752047089,33.9967639821771 135.355832156122,33.9968406040339 135.355909300469,33.9969371546182 135.356000658513,33.9970291732853 135.356218454624,33.997017384278 135.356386075424,33.9969974704357 135.3564785403,33.996985989014</coordinates></LinearRing></outerBoundaryIs></Polygon></MultiGeometry>
  </Placemark>
  <Placemark>
	<Style><LineStyle><color>ff0000ff</color></LineStyle><PolyStyle><fill>0</fill></PolyStyle></Style>
	<ExtendedData><SchemaData schemaUrl="#c392_hidakagunhidakagawachou">
		<SimpleData name="市町村">日高川町</SimpleData>
		<SimpleData name="大字">大字弥谷</SimpleData>
		<SimpleData name="字">字幸中</SimpleData>
		<SimpleData name="q_kyouyuushakanrenjouhou_tkigo"></SimpleData>
		<SimpleData name="地番">276</SimpleData>
		<SimpleData name="地目">保安林</SimpleData>
		<SimpleData name="面積">3.0299</SimpleData>
		<SimpleData name="乙区分">有</SimpleData>
		<SimpleData name="共有者数">0</SimpleData>
		<SimpleData name="登記年月日">2014/11/28</SimpleData>
		<SimpleData name="q_kyouyuushakanrenjouhou_keyno"></SimpleData>
		<SimpleData name="持ち分"></SimpleData>
	</SchemaData></ExtendedData>
      <MultiGeometry><Polygon><outerBoundaryIs><LinearRing><coordinates>135.355981894852,33.9946398508001 135.356114316138,33.9946435111023 135.356450282425,33.9945706426207 135.356630723576,33.9945549788969 135.356841396183,33.9945598590523 135.35714354259,33.994556290119 135.357417355814,33.994490352084 135.357588068315,33.9944242637002 135.357790004538,33.9943097057225 135.357881516804,33.9942588291099 135.357857491577,33.9941603390542 135.357891604384,33.9939943250086 135.357947406126,33.9939163302322 135.357994987326,33.9938058700591 135.358022194414,33.9937346151559 135.358026117793,33.9936517775979 135.357878764281,33.993560119103 135.357854629073,33.993487783006 135.35778631231,33.993432294406 135.357727646738,33.9933513210096 135.357708108773,33.993226193997 135.35769360666,33.9930877856393 135.357643309059,33.9930170989772 135.357639149481,33.9929125095692 135.357663660564,33.9928009390905 135.357754012497,33.9927288490317 135.357651587187,33.9927542001664 135.357545137483,33.9927733533312 135.357411418366,33.9927817160671 135.357218834491,33.9927931701594 135.35705094885,33.9928292486243 135.356967807207,33.9928754899807 135.356880606504,33.9928553441128 135.356817993804,33.9928747429229 135.3566738369,33.9930183625634 135.356572638102,33.993097887394 135.35645783614,33.9931869060677 135.356392686841,33.9932439341299 135.356331795143,33.9933337657395 135.356281284244,33.9933674196867 135.356132412654,33.9934354237841 135.356022053517,33.9934390295938 135.355963064629,33.9934600887468 135.355885585387,33.9935217772776 135.355838653394,33.9935630863369 135.355806636242,33.9936389497899 135.355791054811,33.9937599721253 135.355820641897,33.9939472993758 135.355864604638,33.9940427286867 135.355883632566,33.9942322365993 135.355919967695,33.9943315217687 135.355944332401,33.9944738137266 135.355964041508,33.9946030630924 135.355981894852,33.9946398508001</coordinates></LinearRing></outerBoundaryIs></Polygon></MultiGeometry>
  </Placemark>
  <Placemark>
	<Style><LineStyle><color>ff0000ff</color></LineStyle><PolyStyle><fill>0</fill></PolyStyle></Style>
	<ExtendedData><SchemaData schemaUrl="#c392_hidakagunhidakagawachou">
		<SimpleData name="市町村">日高川町</SimpleData>
		<SimpleData name="大字">大字弥谷</SimpleData>
		<SimpleData name="字">字幸中</SimpleData>
		<SimpleData name="q_kyouyuushakanrenjouhou_tkigo"></SimpleData>
		<SimpleData name="地番">270</SimpleData>
		<SimpleData name="地目">保安林</SimpleData>
		<SimpleData name="面積">2.1671</SimpleData>
		<SimpleData name="乙区分"></SimpleData>
		<SimpleData name="共有者数">0</SimpleData>
		<SimpleData name="登記年月日">2014/11/28</SimpleData>
		<SimpleData name="q_kyouyuushakanrenjouhou_keyno"></SimpleData>
		<SimpleData name="持ち分"></SimpleData>
	</SchemaData></ExtendedData>
      <MultiGeometry><Polygon><outerBoundaryIs><LinearRing><coordinates>135.357998637612,33.9942284883936 135.358046626163,33.9942151417658 135.358286752516,33.994260013971 135.358451000129,33.9943077628545 135.358577022531,33.994400608659 135.358699636176,33.9944878917202 135.358918989125,33.9945258842868 135.359072861429,33.9945413280127 135.359222782235,33.9945712748546 135.359455192858,33.9946087304047 135.359583083578,33.9945798768993 135.359816178668,33.9945276891479 135.360008864113,33.9944614502674 135.360237281132,33.9944614301584 135.360414972073,33.9944444572861 135.360558588363,33.9944403983011 135.360701876166,33.9944238322347 135.360829797596,33.9943863050868 135.36075362863,33.9943267282399 135.360698713911,33.9942808209735 135.360512831875,33.9941154118828 135.360344547348,33.993985293416 135.360264387549,33.9939324385915 135.360165777063,33.9938460311451 135.359920078515,33.9936145202207 135.359784883395,33.9935337807268 135.35966383959,33.9935027577996 135.359579640759,33.9934114210076 135.359515343049,33.9933511739924 135.359420437071,33.9932933109932 135.359355351262,33.9932889148822 135.35921294804,33.9934430782456 135.359059927479,33.9935031572477 135.358918202507,33.9935539272832 135.358775547767,33.993601643995 135.35864065473,33.9936175582583 135.358426654686,33.993652577722 135.358268645437,33.9937025678493 135.35815860175,33.9937129852085 135.358171032784,33.9937900909632 135.358088919491,33.9938981711277 135.358029044105,33.9939953839747 135.358017240738,33.9940750329197 135.358016139482,33.9941494912938 135.357998637612,33.9942284883936</coordinates></LinearRing></outerBoundaryIs></Polygon></MultiGeometry>
  </Placemark>
  <Placemark>
	<Style><LineStyle><color>ff0000ff</color></LineStyle><PolyStyle><fill>0</fill></PolyStyle></Style>
	<ExtendedData><SchemaData schemaUrl="#c392_hidakagunhidakagawachou">
		<SimpleData name="市町村">日高川町</SimpleData>
		<SimpleData name="大字">大字弥谷</SimpleData>
		<SimpleData name="字">字幸中</SimpleData>
		<SimpleData name="q_kyouyuushakanrenjouhou_tkigo"></SimpleData>
		<SimpleData name="地番">275</SimpleData>
		<SimpleData name="地目">保安林</SimpleData>
		<SimpleData name="面積">1.9588</SimpleData>
		<SimpleData name="乙区分">有</SimpleData>
		<SimpleData name="共有者数">0</SimpleData>
		<SimpleData name="登記年月日">2014/11/28</SimpleData>
		<SimpleData name="q_kyouyuushakanrenjouhou_keyno"></SimpleData>
		<SimpleData name="持ち分"></SimpleData>
	</SchemaData></ExtendedData>
      <MultiGeometry><Polygon><outerBoundaryIs><LinearRing><coordinates>135.356663493701,33.9960579210927 135.356862222303,33.9959216734489 135.357029063176,33.9959171900368 135.357123899483,33.9958881852844 135.357263866308,33.9957035646674 135.357331880325,33.9956183220235 135.357447990813,33.9955353961244 135.357545602186,33.9954929888159 135.357685567315,33.995411945381 135.357805208406,33.9953360330912 135.357779844516,33.995254160664 135.357716064702,33.9951321296322 135.35771686153,33.9950206328275 135.357607292463,33.9947980505706 135.357667634087,33.9946175946781 135.357770294481,33.9944850552593 135.357818784598,33.9943529894417 135.357881516804,33.9942588291099 135.357790004538,33.9943097057225 135.357588068315,33.9944242637002 135.357417355814,33.994490352084 135.35714354259,33.994556290119 135.356841396183,33.9945598590523 135.356630723576,33.9945549788969 135.356450282425,33.9945706426207 135.356114316138,33.9946435111023 135.355981894852,33.9946398508001 135.356013224017,33.9946639531997 135.35605892479,33.9947527647668 135.356087667767,33.994839749274 135.356096047046,33.9949803517732 135.356124526064,33.9950865570135 135.356178638242,33.9951697153406 135.356210050527,33.9952544399476 135.356248310311,33.995374202316 135.356304429773,33.9955427427481 135.356356310617,33.9956146743092 135.356395678459,33.9957425730583 135.35645445891,33.9959029597371 135.356526176546,33.9960114548154 135.356583876742,33.9960409423152 135.356663493701,33.9960579210927</coordinates></LinearRing></outerBoundaryIs></Polygon></MultiGeometry>
  </Placemark>
  <Placemark>
	<Style><LineStyle><color>ff0000ff</color></LineStyle><PolyStyle><fill>0</fill></PolyStyle></Style>
	<ExtendedData><SchemaData schemaUrl="#c392_hidakagunhidakagawachou">
		<SimpleData name="市町村">日高川町</SimpleData>
		<SimpleData name="大字">大字弥谷</SimpleData>
		<SimpleData name="字">字幸中</SimpleData>
		<SimpleData name="q_kyouyuushakanrenjouhou_tkigo"></SimpleData>
		<SimpleData name="地番">274</SimpleData>
		<SimpleData name="地目">保安林</SimpleData>
		<SimpleData name="面積">0.472</SimpleData>
		<SimpleData name="乙区分">有</SimpleData>
		<SimpleData name="共有者数">0</SimpleData>
		<SimpleData name="登記年月日">2014/11/28</SimpleData>
		<SimpleData name="q_kyouyuushakanrenjouhou_keyno"></SimpleData>
		<SimpleData name="持ち分"></SimpleData>
	</SchemaData></ExtendedData>
      <MultiGeometry><Polygon><outerBoundaryIs><LinearRing><coordinates>135.356681232775,33.9962679145727 135.357990572186,33.9958117384116 135.357929649912,33.9956794171134 135.357897474263,33.9955032558258 135.357805208406,33.9953360330912 135.357685567315,33.995411945381 135.357545602186,33.9954929888159 135.357447990813,33.9955353961244 135.357331880325,33.9956183220235 135.357263866308,33.9957035646674 135.357123899483,33.9958881852844 135.357029063176,33.9959171900368 135.356862222303,33.9959216734489 135.356663493701,33.9960579210927 135.35667532447,33.9960881496125 135.356681232775,33.9962679145727</coordinates></LinearRing></outerBoundaryIs></Polygon></MultiGeometry>
  </Placemark>
  <Placemark>
	<Style><LineStyle><color>ff0000ff</color></LineStyle><PolyStyle><fill>0</fill></PolyStyle></Style>
	<ExtendedData><SchemaData schemaUrl="#c392_hidakagunhidakagawachou">
		<SimpleData name="市町村">日高川町</SimpleData>
		<SimpleData name="大字">大字弥谷</SimpleData>
		<SimpleData name="字">字幸中</SimpleData>
		<SimpleData name="q_kyouyuushakanrenjouhou_tkigo"></SimpleData>
		<SimpleData name="地番">271</SimpleData>
		<SimpleData name="地目">保安林</SimpleData>
		<SimpleData name="面積">6.4443</SimpleData>
		<SimpleData name="乙区分"></SimpleData>
		<SimpleData name="共有者数">0</SimpleData>
		<SimpleData name="登記年月日">2014/11/28</SimpleData>
		<SimpleData name="q_kyouyuushakanrenjouhou_keyno"></SimpleData>
		<SimpleData name="持ち分"></SimpleData>
	</SchemaData></ExtendedData>
      <MultiGeometry><Polygon><outerBoundaryIs><LinearRing><coordinates>135.361290889064,33.9963921382244 135.36132912117,33.996286624018 135.36130908586,33.9961460226452 135.361300737406,33.9960684145825 135.361293565769,33.995873766804 135.361260507552,33.995742132745 135.361199237712,33.9956629515856 135.361223854894,33.9954167990036 135.36127536428,33.9952975051434 135.361234900617,33.9952050071806 135.361209625804,33.9951196196572 135.361164123455,33.9950469397443 135.361038603297,33.9948776803862 135.360874294129,33.9947308387586 135.360841123461,33.9945014713348 135.360823398089,33.9944387900998 135.360829797596,33.9943863050868 135.360701876166,33.9944238322347 135.360558588363,33.9944403983011 135.360414972073,33.9944444572861 135.360237281132,33.9944614301584 135.360008864113,33.9944614502674 135.359816178668,33.9945276891479 135.359583083578,33.9945798768993 135.359455192858,33.9946087304047 135.359222782235,33.9945712748546 135.359072861429,33.9945413280127 135.358918989125,33.9945258842868 135.358699636176,33.9944878917202 135.358577022531,33.994400608659 135.358451000129,33.9943077628545 135.358286752516,33.994260013971 135.358046626163,33.9942151417658 135.357998637612,33.9942284883936 135.357924004143,33.9943148770849 135.35789536678,33.9943933391031 135.357867149111,33.9944867960246 135.357824569196,33.994574110196 135.35769168024,33.9947291130039 135.357736977096,33.9948719827337 135.357786690509,33.9950089519828 135.357806864462,33.99516039098 135.357914914105,33.995285790596 135.357951097229,33.9954430662328 135.358008598279,33.995653023637 135.358031171288,33.9957129626363 135.358083320385,33.9958544984481 135.358162549798,33.9959559902801 135.35825321271,33.9960371375798 135.358342503774,33.9961121657066 135.358456160402,33.9962047307422 135.358567055661,33.9962640581937 135.35868195151,33.9963430243288 135.358802320774,33.996393429129 135.358950669408,33.9964300489798 135.358988740742,33.9965018353497 135.359154340454,33.9965548097178 135.359314535519,33.9966555243215 135.359412442506,33.9967149709044 135.359497444049,33.9966854722323 135.359662501433,33.9965452120435 135.359829917439,33.9964613148452 135.359961706325,33.996400890069 135.360102049734,33.9963268963769 135.360257992712,33.9963972559912 135.360344947274,33.9964103936654 135.360616930522,33.9963867700917 135.360774500598,33.9963758140235 135.360973750507,33.9963730182663 135.361098187523,33.996380542891 135.361290889064,33.9963921382244</coordinates></LinearRing></outerBoundaryIs></Polygon></MultiGeometry>
  </Placemark>
  <Placemark>
	<Style><LineStyle><color>ff0000ff</color></LineStyle><PolyStyle><fill>0</fill></PolyStyle></Style>
	<ExtendedData><SchemaData schemaUrl="#c392_hidakagunhidakagawachou">
		<SimpleData name="市町村">日高川町</SimpleData>
		<SimpleData name="大字">大字弥谷</SimpleData>
		<SimpleData name="字">字洞谷</SimpleData>
		<SimpleData name="q_kyouyuushakanrenjouhou_tkigo"></SimpleData>
		<SimpleData name="地番">287</SimpleData>
		<SimpleData name="地目">保安林</SimpleData>
		<SimpleData name="面積">2.0813</SimpleData>
		<SimpleData name="乙区分"></SimpleData>
		<SimpleData name="共有者数">0</SimpleData>
		<SimpleData name="登記年月日">2016/1/8</SimpleData>
		<SimpleData name="q_kyouyuushakanrenjouhou_keyno"></SimpleData>
		<SimpleData name="持ち分"></SimpleData>
	</SchemaData></ExtendedData>
      <MultiGeometry><Polygon><outerBoundaryIs><LinearRing><coordinates>135.354071553529,33.9982916140316 135.354166386388,33.9981677091533 135.354199496453,33.9981366686764 135.354276164284,33.9980643390491 135.354462151869,33.997956141296 135.354585514279,33.9978844081136 135.354704671263,33.9978575966118 135.354776660171,33.9978270412067 135.35486023163,33.9977404931166 135.354958701407,33.9976179590783 135.355083160146,33.997521210828 135.355231547214,33.9974638092766 135.355349060375,33.9974051620393 135.355464198699,33.9973325743249 135.355558314256,33.9972689897506 135.355614756711,33.9972269922424 135.355798466549,33.9971276783946 135.355722875898,33.9971049219496 135.355580825171,33.9970502631312 135.355444209597,33.9970080909397 135.355382719359,33.9969989610192 135.355212716791,33.996952981075 135.355111057058,33.9969394200823 135.355057963901,33.9969475888445 135.354919440313,33.9969963613099 135.354827702013,33.9970262551446 135.354719056265,33.9970503080172 135.354604325257,33.9970588393766 135.354523112716,33.9970336373155 135.354432895022,33.997032919587 135.354337566848,33.9970878767348 135.354239589316,33.9971284402786 135.354172006135,33.9971990946336 135.354090301173,33.9972762853381 135.353936108532,33.9973711264274 135.353834340103,33.9974233526694 135.353633864212,33.9975092137565 135.353518740774,33.9975350166943 135.35339320062,33.9975785271966 135.353252023525,33.9976072313321 135.353102068318,33.997642813434 135.352987919605,33.9976827851349 135.352864431301,33.9977227337454 135.352779095438,33.9977474944519 135.352701468328,33.9977649187692 135.35249325022,33.9978308749944 135.352314716456,33.9979335290002 135.352212905185,33.9979995950224 135.352302342112,33.9980235877824 135.352456220324,33.9979889830098 135.352589658896,33.9980829468273 135.352732654654,33.9981729666984 135.352860170511,33.9982159586628 135.352968725001,33.9982129151504 135.353112077876,33.9981986393749 135.35335001687,33.9981490130444 135.353625133047,33.998177496969 135.353813581261,33.9982278234377 135.353918406283,33.9982425471643 135.354071553529,33.9982916140316</coordinates></LinearRing></outerBoundaryIs></Polygon></MultiGeometry>
  </Placemark>
  <Placemark>
	<Style><LineStyle><color>ff0000ff</color></LineStyle><PolyStyle><fill>0</fill></PolyStyle></Style>
	<ExtendedData><SchemaData schemaUrl="#c392_hidakagunhidakagawachou">
		<SimpleData name="市町村">日高川町</SimpleData>
		<SimpleData name="大字">大字弥谷</SimpleData>
		<SimpleData name="字">字洞谷</SimpleData>
		<SimpleData name="q_kyouyuushakanrenjouhou_tkigo"></SimpleData>
		<SimpleData name="地番">288-1</SimpleData>
		<SimpleData name="地目">保安林</SimpleData>
		<SimpleData name="面積">16.1198</SimpleData>
		<SimpleData name="乙区分"></SimpleData>
		<SimpleData name="共有者数">0</SimpleData>
		<SimpleData name="登記年月日">2016/1/8</SimpleData>
		<SimpleData name="q_kyouyuushakanrenjouhou_keyno"></SimpleData>
		<SimpleData name="持ち分"></SimpleData>
	</SchemaData></ExtendedData>
      <MultiGeometry><Polygon><outerBoundaryIs><LinearRing><coordinates>135.361400067522,34.0020856803599 135.36136616456,34.0020519819645 135.361277404506,34.0019091774199 135.361192007298,34.0017656230117 135.361130629228,34.0016381687393 135.361034596311,34.001522706935 135.360889547776,34.0013823857417 135.360685226219,34.0011043263478 135.360629802573,34.0010028237676 135.360545277539,34.0008484551354 135.360388744483,34.0007619803197 135.360189551137,34.0006636068102 135.360068863289,34.000654631128 135.359890127177,34.0006418000803 135.359715650456,34.0006095434293 135.35950465279,34.0005796109479 135.359300676315,34.0005563342216 135.359073167455,34.0004548911504 135.358825908116,34.0003254221654 135.358615576044,34.0003022716653 135.358271278695,34.0004177120199 135.358080396432,34.0001087286345 135.358175561503,34.0000666696646 135.358269913488,34.0000234622482 135.358363168474,33.999933219773 135.358639881061,33.9998323951616 135.358855758846,33.999758281044 135.359032857762,33.9996803950611 135.359194278498,33.9995728005697 135.359458575911,33.9994279825599 135.359651725081,33.9993721521455 135.359539912649,33.9992682367635 135.359513338376,33.9991672643355 135.359400986518,33.9990575397122 135.359308361797,33.9989731282766 135.359159470578,33.9988843286048 135.359052121833,33.9988047170294 135.358925089372,33.9986969810485 135.358714727223,33.9985861688848 135.358573952054,33.998543980274 135.358514760777,33.9985295065903 135.358437737766,33.9984608718154 135.35841567476,33.998318566267 135.358343945195,33.9981450028426 135.358299856688,33.9981015050727 135.358153019044,33.9979862628455 135.35798182461,33.9979025584381 135.357793228793,33.997789613312 135.357649337761,33.9977632557139 135.357453605236,33.9976552857026 135.357345056468,33.9975153682427 135.357272407287,33.9974614147078 135.357121749518,33.997290179943 135.356978722759,33.9972223813148 135.356830781518,33.9971231622003 135.356752874481,33.9970730667682 135.35653205679,33.9969874139788 135.3564785403,33.996985989014 135.356386075424,33.9969974704357 135.356218454624,33.997017384278 135.356000658513,33.9970291732853 135.355903823754,33.997100441831 135.355856008577,33.9971236880837 135.355798466549,33.9971276783946 135.355614756711,33.9972269922424 135.355558314256,33.9972689897506 135.355464198699,33.9973325743249 135.355349060375,33.9974051620393 135.355231547214,33.9974638092766 135.355083160146,33.997521210828 135.354958701407,33.9976179590783 135.35486023163,33.9977404931166 135.354776660171,33.9978270412067 135.354704671263,33.9978575966118 135.354585514279,33.9978844081136 135.354462151869,33.997956141296 135.354276164284,33.9980643390491 135.354199496453,33.9981366686764 135.354166386388,33.9981677091533 135.354071553529,33.9982916140316 135.354149179065,33.9983044627705 135.354291812281,33.9982566792853 135.354447475478,33.9983266390476 135.354523672522,33.9983464602421 135.354646999737,33.9983408591868 135.354801509466,33.9983429490142 135.35487780756,33.9983968140373 135.35505759952,33.9984511143479 135.355230717852,33.9985018712927 135.355381219665,33.9986032416211 135.355532471519,33.998675721216 135.355554476102,33.9987620646214 135.355456269897,33.998759342098 135.355424094465,33.9989032852654 135.355365705676,33.9990104680676 135.355297922522,33.9991664052142 135.355292922533,33.9992391832096 135.355243503677,33.9994100289465 135.355204461133,33.9995100100964 135.355245203477,33.999586220402 135.355263907004,33.9996554260639 135.355351397276,33.9997540318399 135.355542733482,33.9998654632195 135.355654496214,33.9999308277238 135.355776106477,34.0000094169742 135.355919354059,34.0000771288917 135.356093739048,34.0001570670377 135.356198255603,34.000261685746 135.356295831803,34.0003350997403 135.356362744304,34.0004225002273 135.356480148314,34.0005036543677 135.356594061308,34.0006128199758 135.356624573541,34.000664893681 135.356661236138,34.0008146788719 135.356727219485,34.0009448732435 135.356965659206,34.0011182893786 135.357132524873,34.0012252338449 135.357166158375,34.0013792144214 135.357296882297,34.0014097043677 135.357447529532,34.0014366999602 135.357599732866,34.0014941252759 135.357781860511,34.0015039840541 135.357903157774,34.0015686209233 135.358097773591,34.0016868536062 135.358351992479,34.0017074380719 135.358457068301,34.001738578297 135.358626369882,34.0017537325539 135.358754146489,34.0017328874275 135.359004785587,34.0016896537762 135.359096812546,34.0016996370393 135.359274355005,34.0017954462871 135.359520533145,34.0018705873489 135.359735319776,34.0019107438456 135.359927222686,34.0019783437099 135.3601704003,34.0020612486701 135.360359702553,34.0021320259989 135.360564280687,34.0021999351147 135.360637036918,34.002223222043 135.360730480141,34.0022033585742 135.360969161647,34.0020958387214 135.361065551533,34.0020915609349 135.361228975825,34.0021067550199 135.361400067522,34.0020856803599</coordinates></LinearRing></outerBoundaryIs></Polygon></MultiGeometry>
  </Placemark>
</Folder>
</Document></kml>
